drug_cd,제품명,성분 1,성분 2,내용
A11A0500A0131,all,Acebutolol,Ibuprofen,"Beta-Blockers/NSAIDs 임상효과 : 두 약물의 병용투여시 베타-차단제의 항고혈압 효과가 저해될 수 있다. 기전 : NSAIDs(비스테로이드성 항염증제)가 신장의 프로스타글란딘 합성을 저해하여, 고혈압을 유발하도록 할 수 있다. 처치 : 가능하다면 두 약물은 병용투여하지 않는다. 부득이하게 두 약물을 병용할 때에는 주기적으로 환자의 혈압을 모니터링하고, 필요하다면 베타-차단제의 용량을 조절해야 한다. 술린닥(Sulindac)과 같은 NSAIDs는 이러한 상호작용을 가지지 않으므로 대체 제제로 고려해볼 수 있다."
A11A0500A0131,all,Acebutolol Hydrochloride,Ibuprofen,"Beta-Blockers/NSAIDs 임상효과 : 두 약물의 병용투여시 베타-차단제의 항고혈압 효과가 저해될 수 있다. 기전 : NSAIDs(비스테로이드성 항염증제)가 신장의 프로스타글란딘 합성을 저해하여, 고혈압을 유발하도록 할 수 있다. 처치 : 가능하다면 두 약물은 병용투여하지 않는다. 부득이하게 두 약물을 병용할 때에는 주기적으로 환자의 혈압을 모니터링하고, 필요하다면 베타-차단제의 용량을 조절해야 한다. 술린닥(Sulindac)과 같은 NSAIDs는 이러한 상호작용을 가지지 않으므로 대체 제제로 고려해볼 수 있다."
A11A0500A0131,all,Aceclofenac,Ibuprofen,"NSAIDs/NSAIDs 임상효과 : 두 약물의 병용투여시 위장관 궤양과 출혈 등 중증의 위장관계 이상반응의 발생 위험이 증가될 수 있으며, 신기능이 감소될 수도 있다. 기전 : 두 약물의 병용투여시 NSAIDs 부작용에 대한 상가 또는 상승 작용이 나타날 수 있다. 처치 : 두 약물은 병용투여하지 않는다. 다만, 국내 병용금기 약물이 아닌 경우 부득이하게 병용투여를 피할 수 없다면, 환자의 임상상태를 주의깊게 모니터링 하여야 하며, 약물의 독성이 나타나면 투여를 중지하는 등 적절한 조치를 취한다."
A11A0500A0131,all,Acemetacin,Ibuprofen,"NSAIDs/NSAIDs 임상효과 : 두 약물의 병용투여시 위장관 궤양과 출혈 등 중증의 위장관계 이상반응의 발생 위험이 증가될 수 있으며, 신기능이 감소될 수도 있다. 기전 : 두 약물의 병용투여시 NSAIDs 부작용에 대한 상가 또는 상승 작용이 나타날 수 있다. 처치 : 두 약물은 병용투여하지 않는다. 다만, 국내 병용금기 약물이 아닌 경우 부득이하게 병용투여를 피할 수 없다면, 환자의 임상상태를 주의깊게 모니터링 하여야 하며, 약물의 독성이 나타나면 투여를 중지하는 등 적절한 조치를 취한다."
A11A0500A0131,all,Alminoprofen,Ibuprofen,"NSAIDs/NSAIDs 임상효과 : 두 약물의 병용투여시 위장관 궤양과 출혈 등 중증의 위장관계 이상반응의 발생 위험이 증가될 수 있으며, 신기능이 감소될 수도 있다. 기전 : 두 약물의 병용투여시 NSAIDs 부작용에 대한 상가 또는 상승 작용이 나타날 수 있다. 처치 : 두 약물은 병용투여하지 않는다. 다만, 국내 병용금기 약물이 아닌 경우 부득이하게 병용투여를 피할 수 없다면, 환자의 임상상태를 주의깊게 모니터링 하여야 하며, 약물의 독성이 나타나면 투여를 중지하는 등 적절한 조치를 취한다."
A11A0500A0131,all,Aluminum Flufenamate,Ibuprofen,"NSAIDs/NSAIDs 임상효과 : 두 약물의 병용투여시 위장관 궤양과 출혈 등 중증의 위장관계 이상반응의 발생 위험이 증가될 수 있으며, 신기능이 감소될 수도 있다. 기전 : 두 약물의 병용투여시 NSAIDs 부작용에 대한 상가 또는 상승 작용이 나타날 수 있다. 처치 : 두 약물은 병용투여하지 않는다. 다만, 국내 병용금기 약물이 아닌 경우 부득이하게 병용투여를 피할 수 없다면, 환자의 임상상태를 주의깊게 모니터링 하여야 하며, 약물의 독성이 나타나면 투여를 중지하는 등 적절한 조치를 취한다."
A11A0500A0131,all,Amfenac Sodium,Ibuprofen,"NSAIDs/NSAIDs 임상효과 : 두 약물의 병용투여시 위장관 궤양과 출혈 등 중증의 위장관계 이상반응의 발생 위험이 증가될 수 있으며, 신기능이 감소될 수도 있다. 기전 : 두 약물의 병용투여시 NSAIDs 부작용에 대한 상가 또는 상승 작용이 나타날 수 있다. 처치 : 두 약물은 병용투여하지 않는다. 다만, 국내 병용금기 약물이 아닌 경우 부득이하게 병용투여를 피할 수 없다면, 환자의 임상상태를 주의깊게 모니터링 하여야 하며, 약물의 독성이 나타나면 투여를 중지하는 등 적절한 조치를 취한다."
A11A0500A0131,all,Amikacin,Ibuprofen,"Aminoglycosides/NSAIDs 임상효과 : 두 약물의 병용투여시 아미노글리코시드계 약물의 혈중농도가 증가할 수 있다. 기전 : NSAIDs(비스테로이드성 항염증제)는 사구체 여과속도를 감소시켜 아미노글리코시드계 약물의 축적을 유발할 수 있다. 처치 : 가능하면 이 두 약물의 병용은 피해야 한다. 부득이하게 두 약물의 병용을 피할 수 없다면, NSAIDs의 투약을 시작하기 전에 아미노글리코시드계 약물의 용량을 감소시켜야 한다. 신기능과 아미노글리코시드계 약물의 혈청 농도를 모니터링 해야 하며, 이에 따라 아미노글리코시드계 약물의 용량을 조절한다."
A11A0500A0131,all,Amikacin Sulfate,Ibuprofen,"Aminoglycosides/NSAIDs 임상효과 : 두 약물의 병용투여시 아미노글리코시드계 약물의 혈중농도가 증가할 수 있다. 기전 : NSAIDs(비스테로이드성 항염증제)는 사구체 여과속도를 감소시켜 아미노글리코시드계 약물의 축적을 유발할 수 있다. 처치 : 가능하면 이 두 약물의 병용은 피해야 한다. 부득이하게 두 약물의 병용을 피할 수 없다면, NSAIDs의 투약을 시작하기 전에 아미노글리코시드계 약물의 용량을 감소시켜야 한다. 신기능과 아미노글리코시드계 약물의 혈청 농도를 모니터링 해야 하며, 이에 따라 아미노글리코시드계 약물의 용량을 조절한다."
A11A0500A0131,all,Atenolol,Ibuprofen,"Beta-Blockers/NSAIDs 임상효과 : 두 약물의 병용투여시 베타-차단제의 항고혈압 효과가 저해될 수 있다. 기전 : NSAIDs(비스테로이드성 항염증제)가 신장의 프로스타글란딘 합성을 저해하여, 고혈압을 유발하도록 할 수 있다. 처치 : 가능하다면 두 약물은 병용투여하지 않는다. 부득이하게 두 약물을 병용할 때에는 주기적으로 환자의 혈압을 모니터링하고, 필요하다면 베타-차단제의 용량을 조절해야 한다. 술린닥(Sulindac)과 같은 NSAIDs는 이러한 상호작용을 가지지 않으므로 대체 제제로 고려해볼 수 있다."
A11A0500A0131,all,Bendroflumethiazide,Ibuprofen,Thiazide-Type Diuretics/NSAIDs 임상효과 : 두 약물의 병용투여시 치아짓계 이뇨제의 항고혈압 효과 및 이뇨 효과가 감소될 수 있다. 기전 : 인도메타신(Indomethacin)에 의한 신장의 프로스타글란딘 합성 억제와 소듐/워터(sodium/water) 정체 유도가 치아짓계 이뇨제의 작용을 길항할 수 있다. 처치 : 두 약물의 병용투여시에는 환자의 혈압을 규칙적으로 모니터링 해야 한다. 그에 따라 이뇨제의 용량을 조절한다.
A11A0500A0131,all,Betaxolol Hydrochloride,Ibuprofen,"Beta-Blockers/NSAIDs 임상효과 : 두 약물의 병용투여시 베타-차단제의 항고혈압 효과가 저해될 수 있다. 기전 : NSAIDs(비스테로이드성 항염증제)가 신장의 프로스타글란딘 합성을 저해하여, 고혈압을 유발하도록 할 수 있다. 처치 : 가능하다면 두 약물은 병용투여하지 않는다. 부득이하게 두 약물을 병용할 때에는 주기적으로 환자의 혈압을 모니터링하고, 필요하다면 베타-차단제의 용량을 조절해야 한다. 술린닥(Sulindac)과 같은 NSAIDs는 이러한 상호작용을 가지지 않으므로 대체 제제로 고려해볼 수 있다."
A11A0500A0131,all,Bisoprolol Fumarate,Ibuprofen,"Beta-Blockers/NSAIDs 임상효과 : 두 약물의 병용투여시 베타-차단제의 항고혈압 효과가 저해될 수 있다. 기전 : NSAIDs(비스테로이드성 항염증제)가 신장의 프로스타글란딘 합성을 저해하여, 고혈압을 유발하도록 할 수 있다. 처치 : 가능하다면 두 약물은 병용투여하지 않는다. 부득이하게 두 약물을 병용할 때에는 주기적으로 환자의 혈압을 모니터링하고, 필요하다면 베타-차단제의 용량을 조절해야 한다. 술린닥(Sulindac)과 같은 NSAIDs는 이러한 상호작용을 가지지 않으므로 대체 제제로 고려해볼 수 있다."
A11A0500A0131,all,Bumetanide,Ibuprofen,"Loop Diuretics/NSAIDs 임상효과 : 두 약물의 병용투여시 루프계 이뇨제의 효과가 감소할 수 있다. 기전 : NSAIDs(비스테로이드성 항염증제)는 신장의 혈역학을 유지하는데 관여하는 프로스타글란딘을 억제할 수 있다. 처치 : 두 약물의 병용투여시에는 루프계 이뇨제가 고용량 필요할 수 있다. 만약 이뇨작용이 부적절하다면, 다른 항염증 제제의 사용을 고려해 보아야 한다."
A11A0500A0131,all,Butylflufenamate,Ibuprofen,"NSAIDs/NSAIDs 임상효과 : 두 약물의 병용투여시 위장관 궤양과 출혈 등 중증의 위장관계 이상반응의 발생 위험이 증가될 수 있으며, 신기능이 감소될 수도 있다. 기전 : 두 약물의 병용투여시 NSAIDs 부작용에 대한 상가 또는 상승 작용이 나타날 수 있다. 처치 : 두 약물은 병용투여하지 않는다. 다만, 국내 병용금기 약물이 아닌 경우 부득이하게 병용투여를 피할 수 없다면, 환자의 임상상태를 주의깊게 모니터링 하여야 하며, 약물의 독성이 나타나면 투여를 중지하는 등 적절한 조치를 취한다."
A11A0500A0131,all,Carteolol Hydrochloride,Ibuprofen,"Beta-Blockers/NSAIDs 임상효과 : 두 약물의 병용투여시 베타-차단제의 항고혈압 효과가 저해될 수 있다. 기전 : NSAIDs(비스테로이드성 항염증제)가 신장의 프로스타글란딘 합성을 저해하여, 고혈압을 유발하도록 할 수 있다. 처치 : 가능하다면 두 약물은 병용투여하지 않는다. 부득이하게 두 약물을 병용할 때에는 주기적으로 환자의 혈압을 모니터링하고, 필요하다면 베타-차단제의 용량을 조절해야 한다. 술린닥(Sulindac)과 같은 NSAIDs는 이러한 상호작용을 가지지 않으므로 대체 제제로 고려해볼 수 있다."
A11A0500A0131,all,Celecoxib,Ibuprofen,"NSAIDs/NSAIDs 임상효과 : 두 약물의 병용투여시 위장관 궤양과 출혈 등 중증의 위장관계 이상반응의 발생 위험이 증가될 수 있으며, 신기능이 감소될 수도 있다. 기전 : 두 약물의 병용투여시 NSAIDs 부작용에 대한 상가 또는 상승 작용이 나타날 수 있다. 처치 : 두 약물은 병용투여하지 않는다. 다만, 국내 병용금기 약물이 아닌 경우 부득이하게 병용투여를 피할 수 없다면, 환자의 임상상태를 주의깊게 모니터링 하여야 하며, 약물의 독성이 나타나면 투여를 중지하는 등 적절한 조치를 취한다."
A11A0500A0131,all,Chlorothiazide,Ibuprofen,Thiazide-Type Diuretics/NSAIDs 임상효과 : 두 약물의 병용투여시 치아짓계 이뇨제의 항고혈압 효과 및 이뇨 효과가 감소될 수 있다. 기전 : 인도메타신(Indomethacin)에 의한 신장의 프로스타글란딘 합성 억제와 소듐/워터(sodium/water) 정체 유도가 치아짓계 이뇨제의 작용을 길항할 수 있다. 처치 : 두 약물의 병용투여시에는 환자의 혈압을 규칙적으로 모니터링 해야 한다. 그에 따라 이뇨제의 용량을 조절한다.
A11A0500A0131,all,Chlorothiazide Sodium,Ibuprofen,Thiazide-Type Diuretics/NSAIDs 임상효과 : 두 약물의 병용투여시 치아짓계 이뇨제의 항고혈압 효과 및 이뇨 효과가 감소될 수 있다. 기전 : 인도메타신(Indomethacin)에 의한 신장의 프로스타글란딘 합성 억제와 소듐/워터(sodium/water) 정체 유도가 치아짓계 이뇨제의 작용을 길항할 수 있다. 처치 : 두 약물의 병용투여시에는 환자의 혈압을 규칙적으로 모니터링 해야 한다. 그에 따라 이뇨제의 용량을 조절한다.
A11A0500A0131,all,Chlorthalidone,Ibuprofen,Thiazide-Type Diuretics/NSAIDs 임상효과 : 두 약물의 병용투여시 치아짓계 이뇨제의 항고혈압 효과 및 이뇨 효과가 감소될 수 있다. 기전 : 인도메타신(Indomethacin)에 의한 신장의 프로스타글란딘 합성 억제와 소듐/워터(sodium/water) 정체 유도가 치아짓계 이뇨제의 작용을 길항할 수 있다. 처치 : 두 약물의 병용투여시에는 환자의 혈압을 규칙적으로 모니터링 해야 한다. 그에 따라 이뇨제의 용량을 조절한다.
A11A0500A0131,all,Cinnoxicam,Ibuprofen,"NSAIDs/NSAIDs 임상효과 : 두 약물의 병용투여시 위장관 궤양과 출혈 등 중증의 위장관계 이상반응의 발생 위험이 증가될 수 있으며, 신기능이 감소될 수도 있다. 기전 : 두 약물의 병용투여시 NSAIDs 부작용에 대한 상가 또는 상승 작용이 나타날 수 있다. 처치 : 두 약물은 병용투여하지 않는다. 다만, 국내 병용금기 약물이 아닌 경우 부득이하게 병용투여를 피할 수 없다면, 환자의 임상상태를 주의깊게 모니터링 하여야 하며, 약물의 독성이 나타나면 투여를 중지하는 등 적절한 조치를 취한다."
A11A0500A0131,all,Clonixin,Ibuprofen,"NSAIDs/NSAIDs 임상효과 : 두 약물의 병용투여시 위장관 궤양과 출혈 등 중증의 위장관계 이상반응의 발생 위험이 증가될 수 있으며, 신기능이 감소될 수도 있다. 기전 : 두 약물의 병용투여시 NSAIDs 부작용에 대한 상가 또는 상승 작용이 나타날 수 있다. 처치 : 두 약물은 병용투여하지 않는다. 다만, 국내 병용금기 약물이 아닌 경우 부득이하게 병용투여를 피할 수 없다면, 환자의 임상상태를 주의깊게 모니터링 하여야 하며, 약물의 독성이 나타나면 투여를 중지하는 등 적절한 조치를 취한다."
A11A0500A0131,all,Clonixin Lysinate,Ibuprofen,"NSAIDs/NSAIDs 임상효과 : 두 약물의 병용투여시 위장관 궤양과 출혈 등 중증의 위장관계 이상반응의 발생 위험이 증가될 수 있으며, 신기능이 감소될 수도 있다. 기전 : 두 약물의 병용투여시 NSAIDs 부작용에 대한 상가 또는 상승 작용이 나타날 수 있다. 처치 : 두 약물은 병용투여하지 않는다. 다만, 국내 병용금기 약물이 아닌 경우 부득이하게 병용투여를 피할 수 없다면, 환자의 임상상태를 주의깊게 모니터링 하여야 하며, 약물의 독성이 나타나면 투여를 중지하는 등 적절한 조치를 취한다."
A11A0500A0131,all,Cyclosporine,Ibuprofen,"Immunosuppressants(Cyclosporine)/NSAIDs 임상효과 : 두 약물의 병용투여시 약물의 신장독성이 증가할 수 있다. 기전 : 정확한 상호작용 기전은 밝혀지지 않았다. 처치 : 두 약물은 병용투여하지 않는다. 부득이하게 두 약물을 병용투여할 경우에는, 환자의 신장 기능을 자주 모니터링하는 것이 필요하다."
A11A0500A0131,all,Dalteparin Sodium,Ibuprofen,"Anticoagulants(Heparin)/NSAIDs 임상효과 : 두 약물의 병용투여시 출혈의 위험이 증가할 수 있으며, 헤파린과 인도메타신(Indomethacin)의 병용으로 동맥관 개존증의 치료 실패가 보고되었다. 기전 : 두 약물의 병용에 의해 응고반응과 혈소판 지혈이 저해될 수 있다. 처치 : 두 약물의 병용이 필요하다면, 임상적 모니터링과 실험실적 모니터링이 모두 주의깊게 행해져야 한다."
A11A0500A0131,all,Desipramine Hydrochloride,Ibuprofen,Tricyclic Antidepressants(Desipramine)/NSAIDs(Ibuprofen) 임상효과 : 두 약물의 병용투여시 데시프라민의 혈청 농도가 상승하여 부작용의 위험이 증가할 수 있다. 기전 : 정확한 상호작용 기전은 밝혀지지 않았다. 처치 : 데시프라민을 투여 중인 환자에게 이부프로펜의 투여를 시작 혹은 중단하거나 용량을 변경할 때에는 환자의 임상적 반응을 주의깊게 관찰해야 한다. 데시프라민의 혈청 농도는 환자를 관리하는데 있어 유용할 수 있다. 필요시 데시프라민의 용량을 조절해야 한다.
A11A0500A0131,all,Dexibuprofen,Ibuprofen,"NSAIDs/NSAIDs 임상효과 : 두 약물의 병용투여시 위장관 궤양과 출혈 등 중증의 위장관계 이상반응의 발생 위험이 증가될 수 있으며, 신기능이 감소될 수도 있다. 기전 : 두 약물의 병용투여시 NSAIDs 부작용에 대한 상가 또는 상승 작용이 나타날 수 있다. 처치 : 두 약물은 병용투여하지 않는다. 다만, 국내 병용금기 약물이 아닌 경우 부득이하게 병용투여를 피할 수 없다면, 환자의 임상상태를 주의깊게 모니터링 하여야 하며, 약물의 독성이 나타나면 투여를 중지하는 등 적절한 조치를 취한다."
A11A0500A0131,all,Dexketoprofen Trometamol,Ibuprofen,"NSAIDs/NSAIDs 임상효과 : 두 약물의 병용투여시 위장관 궤양과 출혈 등 중증의 위장관계 이상반응의 발생 위험이 증가될 수 있으며, 신기능이 감소될 수도 있다. 기전 : 두 약물의 병용투여시 NSAIDs 부작용에 대한 상가 또는 상승 작용이 나타날 수 있다. 처치 : 두 약물은 병용투여하지 않는다. 다만, 국내 병용금기 약물이 아닌 경우 부득이하게 병용투여를 피할 수 없다면, 환자의 임상상태를 주의깊게 모니터링 하여야 하며, 약물의 독성이 나타나면 투여를 중지하는 등 적절한 조치를 취한다."
A11A0500A0131,all,Dichloralphenazone,Ibuprofen,"NSAIDs/NSAIDs 임상효과 : 두 약물의 병용투여시 위장관 궤양과 출혈 등 중증의 위장관계 이상반응의 발생 위험이 증가될 수 있으며, 신기능이 감소될 수도 있다. 기전 : 두 약물의 병용투여시 NSAIDs 부작용에 대한 상가 또는 상승 작용이 나타날 수 있다. 처치 : 두 약물은 병용투여하지 않는다. 다만, 국내 병용금기 약물이 아닌 경우 부득이하게 병용투여를 피할 수 없다면, 환자의 임상상태를 주의깊게 모니터링 하여야 하며, 약물의 독성이 나타나면 투여를 중지하는 등 적절한 조치를 취한다."
A11A0500A0131,all,Diclofenac,Ibuprofen,"NSAIDs/NSAIDs 임상효과 : 두 약물의 병용투여시 위장관 궤양과 출혈 등 중증의 위장관계 이상반응의 발생 위험이 증가될 수 있으며, 신기능이 감소될 수도 있다. 기전 : 두 약물의 병용투여시 NSAIDs 부작용에 대한 상가 또는 상승 작용이 나타날 수 있다. 처치 : 두 약물은 병용투여하지 않는다. 다만, 국내 병용금기 약물이 아닌 경우 부득이하게 병용투여를 피할 수 없다면, 환자의 임상상태를 주의깊게 모니터링 하여야 하며, 약물의 독성이 나타나면 투여를 중지하는 등 적절한 조치를 취한다."
A11A0500A0131,all,Diclofenac Diethylammonium,Ibuprofen,"NSAIDs/NSAIDs 임상효과 : 두 약물의 병용투여시 위장관 궤양과 출혈 등 중증의 위장관계 이상반응의 발생 위험이 증가될 수 있으며, 신기능이 감소될 수도 있다. 기전 : 두 약물의 병용투여시 NSAIDs 부작용에 대한 상가 또는 상승 작용이 나타날 수 있다. 처치 : 두 약물은 병용투여하지 않는다. 다만, 국내 병용금기 약물이 아닌 경우 부득이하게 병용투여를 피할 수 없다면, 환자의 임상상태를 주의깊게 모니터링 하여야 하며, 약물의 독성이 나타나면 투여를 중지하는 등 적절한 조치를 취한다."
A11A0500A0131,all,Diclofenac Epolamine,Ibuprofen,"NSAIDs/NSAIDs 임상효과 : 두 약물의 병용투여시 위장관 궤양과 출혈 등 중증의 위장관계 이상반응의 발생 위험이 증가될 수 있으며, 신기능이 감소될 수도 있다. 기전 : 두 약물의 병용투여시 NSAIDs 부작용에 대한 상가 또는 상승 작용이 나타날 수 있다. 처치 : 두 약물은 병용투여하지 않는다. 다만, 국내 병용금기 약물이 아닌 경우 부득이하게 병용투여를 피할 수 없다면, 환자의 임상상태를 주의깊게 모니터링 하여야 하며, 약물의 독성이 나타나면 투여를 중지하는 등 적절한 조치를 취한다."
A11A0500A0131,all,Diclofenac Potassium,Ibuprofen,"NSAIDs/NSAIDs 임상효과 : 두 약물의 병용투여시 위장관 궤양과 출혈 등 중증의 위장관계 이상반응의 발생 위험이 증가될 수 있으며, 신기능이 감소될 수도 있다. 기전 : 두 약물의 병용투여시 NSAIDs 부작용에 대한 상가 또는 상승 작용이 나타날 수 있다. 처치 : 두 약물은 병용투여하지 않는다. 다만, 국내 병용금기 약물이 아닌 경우 부득이하게 병용투여를 피할 수 없다면, 환자의 임상상태를 주의깊게 모니터링 하여야 하며, 약물의 독성이 나타나면 투여를 중지하는 등 적절한 조치를 취한다."
A11A0500A0131,all,Diclofenac Sodium,Ibuprofen,"NSAIDs/NSAIDs 임상효과 : 두 약물의 병용투여시 위장관 궤양과 출혈 등 중증의 위장관계 이상반응의 발생 위험이 증가될 수 있으며, 신기능이 감소될 수도 있다. 기전 : 두 약물의 병용투여시 NSAIDs 부작용에 대한 상가 또는 상승 작용이 나타날 수 있다. 처치 : 두 약물은 병용투여하지 않는다. 다만, 국내 병용금기 약물이 아닌 경우 부득이하게 병용투여를 피할 수 없다면, 환자의 임상상태를 주의깊게 모니터링 하여야 하며, 약물의 독성이 나타나면 투여를 중지하는 등 적절한 조치를 취한다."
A11A0500A0131,all,Diclofenac β-dimethylaminoethanol,Ibuprofen,"NSAIDs/NSAIDs 임상효과 : 두 약물의 병용투여시 위장관 궤양과 출혈 등 중증의 위장관계 이상반응의 발생 위험이 증가될 수 있으며, 신기능이 감소될 수도 있다. 기전 : 두 약물의 병용투여시 NSAIDs 부작용에 대한 상가 또는 상승 작용이 나타날 수 있다. 처치 : 두 약물은 병용투여하지 않는다. 다만, 국내 병용금기 약물이 아닌 경우 부득이하게 병용투여를 피할 수 없다면, 환자의 임상상태를 주의깊게 모니터링 하여야 하며, 약물의 독성이 나타나면 투여를 중지하는 등 적절한 조치를 취한다."
A11A0500A0131,all,Diflunisal,Ibuprofen,"NSAIDs/NSAIDs 임상효과 : 두 약물의 병용투여시 위장관 궤양과 출혈 등 중증의 위장관계 이상반응의 발생 위험이 증가될 수 있으며, 신기능이 감소될 수도 있다. 기전 : 두 약물의 병용투여시 NSAIDs 부작용에 대한 상가 또는 상승 작용이 나타날 수 있다. 처치 : 두 약물은 병용투여하지 않는다. 다만, 국내 병용금기 약물이 아닌 경우 부득이하게 병용투여를 피할 수 없다면, 환자의 임상상태를 주의깊게 모니터링 하여야 하며, 약물의 독성이 나타나면 투여를 중지하는 등 적절한 조치를 취한다."
A11A0500A0131,all,Digoxin,Ibuprofen,"Digitalis Glycosides(Digoxin)/NSAIDs(Ibuprofen) 임상효과 : 두 약물의 병용투여시 비록 일시적이긴 하지만, 디곡신의 혈청 농도가 상승할 수 있다. 기전 : 정확한 상호작용 기전은 밝혀지지 않았으나, 두 약물의 병용으로 인해 디곡신의 신장 배설이 감소되는 것이 한 요인일 수 있다. 처치 : 두 약물의 병용투여시에는 디곡신의 혈청농도를 주기적으로 모니터링해야 한다. 디곡신의 용량 감소가 필요할 수도 있다."
A11A0500A0131,all,Emorfazone,Ibuprofen,"NSAIDs/NSAIDs 임상효과 : 두 약물의 병용투여시 위장관 궤양과 출혈 등 중증의 위장관계 이상반응의 발생 위험이 증가될 수 있으며, 신기능이 감소될 수도 있다. 기전 : 두 약물의 병용투여시 NSAIDs 부작용에 대한 상가 또는 상승 작용이 나타날 수 있다. 처치 : 두 약물은 병용투여하지 않는다. 다만, 국내 병용금기 약물이 아닌 경우 부득이하게 병용투여를 피할 수 없다면, 환자의 임상상태를 주의깊게 모니터링 하여야 하며, 약물의 독성이 나타나면 투여를 중지하는 등 적절한 조치를 취한다."
A11A0500A0131,all,Enfenamic Acid,Ibuprofen,"NSAIDs/NSAIDs 임상효과 : 두 약물의 병용투여시 위장관 궤양과 출혈 등 중증의 위장관계 이상반응의 발생 위험이 증가될 수 있으며, 신기능이 감소될 수도 있다. 기전 : 두 약물의 병용투여시 NSAIDs 부작용에 대한 상가 또는 상승 작용이 나타날 수 있다. 처치 : 두 약물은 병용투여하지 않는다. 다만, 국내 병용금기 약물이 아닌 경우 부득이하게 병용투여를 피할 수 없다면, 환자의 임상상태를 주의깊게 모니터링 하여야 하며, 약물의 독성이 나타나면 투여를 중지하는 등 적절한 조치를 취한다."
A11A0500A0131,all,Enoxaparin Sodium,Ibuprofen,"Anticoagulants(Heparin)/NSAIDs 임상효과 : 두 약물의 병용투여시 출혈의 위험이 증가할 수 있으며, 헤파린과 인도메타신(Indomethacin)의 병용으로 동맥관 개존증의 치료 실패가 보고되었다. 기전 : 두 약물의 병용에 의해 응고반응과 혈소판 지혈이 저해될 수 있다. 처치 : 두 약물의 병용이 필요하다면, 임상적 모니터링과 실험실적 모니터링이 모두 주의깊게 행해져야 한다."
A11A0500A0131,all,Esmolol Hydrochloride,Ibuprofen,"Beta-Blockers/NSAIDs 임상효과 : 두 약물의 병용투여시 베타-차단제의 항고혈압 효과가 저해될 수 있다. 기전 : NSAIDs(비스테로이드성 항염증제)가 신장의 프로스타글란딘 합성을 저해하여, 고혈압을 유발하도록 할 수 있다. 처치 : 가능하다면 두 약물은 병용투여하지 않는다. 부득이하게 두 약물을 병용할 때에는 주기적으로 환자의 혈압을 모니터링하고, 필요하다면 베타-차단제의 용량을 조절해야 한다. 술린닥(Sulindac)과 같은 NSAIDs는 이러한 상호작용을 가지지 않으므로 대체 제제로 고려해볼 수 있다."
A11A0500A0131,all,Etacrynic Acid,Ibuprofen,"Loop Diuretics/NSAIDs 임상효과 : 두 약물의 병용투여시 루프계 이뇨제의 효과가 감소할 수 있다. 기전 : NSAIDs(비스테로이드성 항염증제)는 신장의 혈역학을 유지하는데 관여하는 프로스타글란딘을 억제할 수 있다. 처치 : 두 약물의 병용투여시에는 루프계 이뇨제가 고용량 필요할 수 있다. 만약 이뇨작용이 부적절하다면, 다른 항염증 제제의 사용을 고려해 보아야 한다."
A11A0500A0131,all,Etodolac,Ibuprofen,"NSAIDs/NSAIDs 임상효과 : 두 약물의 병용투여시 위장관 궤양과 출혈 등 중증의 위장관계 이상반응의 발생 위험이 증가될 수 있으며, 신기능이 감소될 수도 있다. 기전 : 두 약물의 병용투여시 NSAIDs 부작용에 대한 상가 또는 상승 작용이 나타날 수 있다. 처치 : 두 약물은 병용투여하지 않는다. 다만, 국내 병용금기 약물이 아닌 경우 부득이하게 병용투여를 피할 수 없다면, 환자의 임상상태를 주의깊게 모니터링 하여야 하며, 약물의 독성이 나타나면 투여를 중지하는 등 적절한 조치를 취한다."
A11A0500A0131,all,Etofenamate,Ibuprofen,"NSAIDs/NSAIDs 임상효과 : 두 약물의 병용투여시 위장관 궤양과 출혈 등 중증의 위장관계 이상반응의 발생 위험이 증가될 수 있으며, 신기능이 감소될 수도 있다. 기전 : 두 약물의 병용투여시 NSAIDs 부작용에 대한 상가 또는 상승 작용이 나타날 수 있다. 처치 : 두 약물은 병용투여하지 않는다. 다만, 국내 병용금기 약물이 아닌 경우 부득이하게 병용투여를 피할 수 없다면, 환자의 임상상태를 주의깊게 모니터링 하여야 하며, 약물의 독성이 나타나면 투여를 중지하는 등 적절한 조치를 취한다."
A11A0500A0131,all,Fenbufen,Ibuprofen,"NSAIDs/NSAIDs 임상효과 : 두 약물의 병용투여시 위장관 궤양과 출혈 등 중증의 위장관계 이상반응의 발생 위험이 증가될 수 있으며, 신기능이 감소될 수도 있다. 기전 : 두 약물의 병용투여시 NSAIDs 부작용에 대한 상가 또는 상승 작용이 나타날 수 있다. 처치 : 두 약물은 병용투여하지 않는다. 다만, 국내 병용금기 약물이 아닌 경우 부득이하게 병용투여를 피할 수 없다면, 환자의 임상상태를 주의깊게 모니터링 하여야 하며, 약물의 독성이 나타나면 투여를 중지하는 등 적절한 조치를 취한다."
A11A0500A0131,all,Fenoprofen Calcium Hydrate,Ibuprofen,"NSAIDs/NSAIDs 임상효과 : 두 약물의 병용투여시 위장관 궤양과 출혈 등 중증의 위장관계 이상반응의 발생 위험이 증가될 수 있으며, 신기능이 감소될 수도 있다. 기전 : 두 약물의 병용투여시 NSAIDs 부작용에 대한 상가 또는 상승 작용이 나타날 수 있다. 처치 : 두 약물은 병용투여하지 않는다. 다만, 국내 병용금기 약물이 아닌 경우 부득이하게 병용투여를 피할 수 없다면, 환자의 임상상태를 주의깊게 모니터링 하여야 하며, 약물의 독성이 나타나면 투여를 중지하는 등 적절한 조치를 취한다."
A11A0500A0131,all,Flufenamic Acid,Ibuprofen,"NSAIDs/NSAIDs 임상효과 : 두 약물의 병용투여시 위장관 궤양과 출혈 등 중증의 위장관계 이상반응의 발생 위험이 증가될 수 있으며, 신기능이 감소될 수도 있다. 기전 : 두 약물의 병용투여시 NSAIDs 부작용에 대한 상가 또는 상승 작용이 나타날 수 있다. 처치 : 두 약물은 병용투여하지 않는다. 다만, 국내 병용금기 약물이 아닌 경우 부득이하게 병용투여를 피할 수 없다면, 환자의 임상상태를 주의깊게 모니터링 하여야 하며, 약물의 독성이 나타나면 투여를 중지하는 등 적절한 조치를 취한다."
A11A0500A0131,all,Flurbiprofen,Ibuprofen,"NSAIDs/NSAIDs 임상효과 : 두 약물의 병용투여시 위장관 궤양과 출혈 등 중증의 위장관계 이상반응의 발생 위험이 증가될 수 있으며, 신기능이 감소될 수도 있다. 기전 : 두 약물의 병용투여시 NSAIDs 부작용에 대한 상가 또는 상승 작용이 나타날 수 있다. 처치 : 두 약물은 병용투여하지 않는다. 다만, 국내 병용금기 약물이 아닌 경우 부득이하게 병용투여를 피할 수 없다면, 환자의 임상상태를 주의깊게 모니터링 하여야 하며, 약물의 독성이 나타나면 투여를 중지하는 등 적절한 조치를 취한다."
A11A0500A0131,all,Flurbiprofen Sodium Hydrate,Ibuprofen,"NSAIDs/NSAIDs 임상효과 : 두 약물의 병용투여시 위장관 궤양과 출혈 등 중증의 위장관계 이상반응의 발생 위험이 증가될 수 있으며, 신기능이 감소될 수도 있다. 기전 : 두 약물의 병용투여시 NSAIDs 부작용에 대한 상가 또는 상승 작용이 나타날 수 있다. 처치 : 두 약물은 병용투여하지 않는다. 다만, 국내 병용금기 약물이 아닌 경우 부득이하게 병용투여를 피할 수 없다면, 환자의 임상상태를 주의깊게 모니터링 하여야 하며, 약물의 독성이 나타나면 투여를 중지하는 등 적절한 조치를 취한다."
A11A0500A0131,all,Fosphenytoin Sodium,Ibuprofen,"Hydantoins/NSAIDs(Ibuprofen) 임상효과 : 두 약물의 병용투여시 혈청 페니토인(Phenytoin)의 농도가 증가하여 이 약의 약리학적 효과 및 독성이 증가할 수 있다. 기전 : 정확한 상호작용 기전은 밝혀지지 않았으나, 이부프로펜이 페니토인의 간 대사를 저해하는 것으로 추정된다. 처치 : 페니토인을 투여 중인 환자에게 이부프로펜의 투여를 시작하거나 중단할 때에는 혈청 페니토인의 농도를 모니터링하고 환자에게 페니토인의 독성이 나타나는지 혹은 페니토인의 활성이 감소하는지 관찰해야 한다. 필요시 페니토인의 용량을 조절한다."
A11A0500A0131,all,Furosemide,Ibuprofen,"Loop Diuretics/NSAIDs 임상효과 : 두 약물의 병용투여시 루프계 이뇨제의 효과가 감소할 수 있다. 기전 : NSAIDs(비스테로이드성 항염증제)는 신장의 혈역학을 유지하는데 관여하는 프로스타글란딘을 억제할 수 있다. 처치 : 두 약물의 병용투여시에는 루프계 이뇨제가 고용량 필요할 수 있다. 만약 이뇨작용이 부적절하다면, 다른 항염증 제제의 사용을 고려해 보아야 한다."
A11A0500A0131,all,Gentamicin,Ibuprofen,"Aminoglycosides/NSAIDs 임상효과 : 두 약물의 병용투여시 아미노글리코시드계 약물의 혈중농도가 증가할 수 있다. 기전 : NSAIDs(비스테로이드성 항염증제)는 사구체 여과속도를 감소시켜 아미노글리코시드계 약물의 축적을 유발할 수 있다. 처치 : 가능하면 이 두 약물의 병용은 피해야 한다. 부득이하게 두 약물의 병용을 피할 수 없다면, NSAIDs의 투약을 시작하기 전에 아미노글리코시드계 약물의 용량을 감소시켜야 한다. 신기능과 아미노글리코시드계 약물의 혈청 농도를 모니터링 해야 하며, 이에 따라 아미노글리코시드계 약물의 용량을 조절한다."
A11A0500A0131,all,Gentamicin Sulfate,Ibuprofen,"Aminoglycosides/NSAIDs 임상효과 : 두 약물의 병용투여시 아미노글리코시드계 약물의 혈중농도가 증가할 수 있다. 기전 : NSAIDs(비스테로이드성 항염증제)는 사구체 여과속도를 감소시켜 아미노글리코시드계 약물의 축적을 유발할 수 있다. 처치 : 가능하면 이 두 약물의 병용은 피해야 한다. 부득이하게 두 약물의 병용을 피할 수 없다면, NSAIDs의 투약을 시작하기 전에 아미노글리코시드계 약물의 용량을 감소시켜야 한다. 신기능과 아미노글리코시드계 약물의 혈청 농도를 모니터링 해야 하며, 이에 따라 아미노글리코시드계 약물의 용량을 조절한다."
A11A0500A0131,all,Glucametacin Hydrate,Ibuprofen,"NSAIDs/NSAIDs 임상효과 : 두 약물의 병용투여시 위장관 궤양과 출혈 등 중증의 위장관계 이상반응의 발생 위험이 증가될 수 있으며, 신기능이 감소될 수도 있다. 기전 : 두 약물의 병용투여시 NSAIDs 부작용에 대한 상가 또는 상승 작용이 나타날 수 있다. 처치 : 두 약물은 병용투여하지 않는다. 다만, 국내 병용금기 약물이 아닌 경우 부득이하게 병용투여를 피할 수 없다면, 환자의 임상상태를 주의깊게 모니터링 하여야 하며, 약물의 독성이 나타나면 투여를 중지하는 등 적절한 조치를 취한다."
A11A0500A0131,all,Heparin,Ibuprofen,"Anticoagulants(Heparin)/NSAIDs 임상효과 : 두 약물의 병용투여시 출혈의 위험이 증가할 수 있으며, 헤파린과 인도메타신(Indomethacin)의 병용으로 동맥관 개존증의 치료 실패가 보고되었다. 기전 : 두 약물의 병용에 의해 응고반응과 혈소판 지혈이 저해될 수 있다. 처치 : 두 약물의 병용이 필요하다면, 임상적 모니터링과 실험실적 모니터링이 모두 주의깊게 행해져야 한다."
A11A0500A0131,all,Heparin Calcium,Ibuprofen,"Anticoagulants(Heparin)/NSAIDs 임상효과 : 두 약물의 병용투여시 출혈의 위험이 증가할 수 있으며, 헤파린과 인도메타신(Indomethacin)의 병용으로 동맥관 개존증의 치료 실패가 보고되었다. 기전 : 두 약물의 병용에 의해 응고반응과 혈소판 지혈이 저해될 수 있다. 처치 : 두 약물의 병용이 필요하다면, 임상적 모니터링과 실험실적 모니터링이 모두 주의깊게 행해져야 한다."
A11A0500A0131,all,Heparin Sodium,Ibuprofen,"Anticoagulants(Heparin)/NSAIDs 임상효과 : 두 약물의 병용투여시 출혈의 위험이 증가할 수 있으며, 헤파린과 인도메타신(Indomethacin)의 병용으로 동맥관 개존증의 치료 실패가 보고되었다. 기전 : 두 약물의 병용에 의해 응고반응과 혈소판 지혈이 저해될 수 있다. 처치 : 두 약물의 병용이 필요하다면, 임상적 모니터링과 실험실적 모니터링이 모두 주의깊게 행해져야 한다."
A11A0500A0131,all,Hydrochlorothiazide,Ibuprofen,Thiazide-Type Diuretics/NSAIDs 임상효과 : 두 약물의 병용투여시 치아짓계 이뇨제의 항고혈압 효과 및 이뇨 효과가 감소될 수 있다. 기전 : 인도메타신(Indomethacin)에 의한 신장의 프로스타글란딘 합성 억제와 소듐/워터(sodium/water) 정체 유도가 치아짓계 이뇨제의 작용을 길항할 수 있다. 처치 : 두 약물의 병용투여시에는 환자의 혈압을 규칙적으로 모니터링 해야 한다. 그에 따라 이뇨제의 용량을 조절한다.
A11A0500A0131,all,Hydroflumethiazide,Ibuprofen,Thiazide-Type Diuretics/NSAIDs 임상효과 : 두 약물의 병용투여시 치아짓계 이뇨제의 항고혈압 효과 및 이뇨 효과가 감소될 수 있다. 기전 : 인도메타신(Indomethacin)에 의한 신장의 프로스타글란딘 합성 억제와 소듐/워터(sodium/water) 정체 유도가 치아짓계 이뇨제의 작용을 길항할 수 있다. 처치 : 두 약물의 병용투여시에는 환자의 혈압을 규칙적으로 모니터링 해야 한다. 그에 따라 이뇨제의 용량을 조절한다.
A11A0500A0131,all,Ibuprofen,Aceclofenac,"NSAIDs/NSAIDs 임상효과 : 두 약물의 병용투여시 위장관 궤양과 출혈 등 중증의 위장관계 이상반응의 발생 위험이 증가될 수 있으며, 신기능이 감소될 수도 있다. 기전 : 두 약물의 병용투여시 NSAIDs 부작용에 대한 상가 또는 상승 작용이 나타날 수 있다. 처치 : 두 약물은 병용투여하지 않는다. 다만, 국내 병용금기 약물이 아닌 경우 부득이하게 병용투여를 피할 수 없다면, 환자의 임상상태를 주의깊게 모니터링 하여야 하며, 약물의 독성이 나타나면 투여를 중지하는 등 적절한 조치를 취한다."
A11A0500A0131,all,Ibuprofen,Acemetacin,"NSAIDs/NSAIDs 임상효과 : 두 약물의 병용투여시 위장관 궤양과 출혈 등 중증의 위장관계 이상반응의 발생 위험이 증가될 수 있으며, 신기능이 감소될 수도 있다. 기전 : 두 약물의 병용투여시 NSAIDs 부작용에 대한 상가 또는 상승 작용이 나타날 수 있다. 처치 : 두 약물은 병용투여하지 않는다. 다만, 국내 병용금기 약물이 아닌 경우 부득이하게 병용투여를 피할 수 없다면, 환자의 임상상태를 주의깊게 모니터링 하여야 하며, 약물의 독성이 나타나면 투여를 중지하는 등 적절한 조치를 취한다."
A11A0500A0131,all,Ibuprofen,Alendronate Sodium Monohydrate,"NSAIDs/Bisphosphonates 임상효과 : 두 약물의 병용투여시 위궤양의 위험이 증가할 수 있다. 기전 : 두 약물은 위궤양을 유발하는 데 있어 상승적인 작용을 할 수 있다. 처치 : 두 약물의 병용투여시에는 관찰을 충분히 하고, 신중히 투여해야 한다. 환자에게 위장관계 부작용, 특히 위궤양이 발생하는지를 주의깊게 모니터링해야 한다."
A11A0500A0131,all,Ibuprofen,Alminoprofen,"NSAIDs/NSAIDs 임상효과 : 두 약물의 병용투여시 위장관 궤양과 출혈 등 중증의 위장관계 이상반응의 발생 위험이 증가될 수 있으며, 신기능이 감소될 수도 있다. 기전 : 두 약물의 병용투여시 NSAIDs 부작용에 대한 상가 또는 상승 작용이 나타날 수 있다. 처치 : 두 약물은 병용투여하지 않는다. 다만, 국내 병용금기 약물이 아닌 경우 부득이하게 병용투여를 피할 수 없다면, 환자의 임상상태를 주의깊게 모니터링 하여야 하며, 약물의 독성이 나타나면 투여를 중지하는 등 적절한 조치를 취한다."
A11A0500A0131,all,Ibuprofen,Aluminum Flufenamate,"NSAIDs/NSAIDs 임상효과 : 두 약물의 병용투여시 위장관 궤양과 출혈 등 중증의 위장관계 이상반응의 발생 위험이 증가될 수 있으며, 신기능이 감소될 수도 있다. 기전 : 두 약물의 병용투여시 NSAIDs 부작용에 대한 상가 또는 상승 작용이 나타날 수 있다. 처치 : 두 약물은 병용투여하지 않는다. 다만, 국내 병용금기 약물이 아닌 경우 부득이하게 병용투여를 피할 수 없다면, 환자의 임상상태를 주의깊게 모니터링 하여야 하며, 약물의 독성이 나타나면 투여를 중지하는 등 적절한 조치를 취한다."
A11A0500A0131,all,Ibuprofen,Amfenac Sodium,"NSAIDs/NSAIDs 임상효과 : 두 약물의 병용투여시 위장관 궤양과 출혈 등 중증의 위장관계 이상반응의 발생 위험이 증가될 수 있으며, 신기능이 감소될 수도 있다. 기전 : 두 약물의 병용투여시 NSAIDs 부작용에 대한 상가 또는 상승 작용이 나타날 수 있다. 처치 : 두 약물은 병용투여하지 않는다. 다만, 국내 병용금기 약물이 아닌 경우 부득이하게 병용투여를 피할 수 없다면, 환자의 임상상태를 주의깊게 모니터링 하여야 하며, 약물의 독성이 나타나면 투여를 중지하는 등 적절한 조치를 취한다."
A11A0500A0131,all,Ibuprofen,Aspirin,"NSAIDs/Salicylates(Aspirin) 임상효과 : 두 약물의 병용투여시 저용량의 코팅되지 않은 아스피린의 심혈관 보호 작용이 감소될 수 있다. 이들 제제는 또한 위자극을 일으킨다. 기전 : 두 약물의 병용투여시 혈소판에서 시클로옥시게나아제(cyclooxygenase)의 아세틸화(acetylation) 부위의 경쟁적 저해가 예상된다. 처치 : 저용량의 아스피린을 복용 중인 환자는 아세트아미노펜(Acetaminophen)과 같이 아스피린의 항혈소판 효과를 저해하지 않는 진통제의 사용을 고려해본다. 즉시-방출형(immediate-release) 아스피린의 복용후 30분 후 혹은 최소 8시간 이전에 이부프로펜을 복용하도록 하며, NSAIDs는 심혈관보호작용을 하는 장용성 코팅 아스피린 복용 후 최소 1시간 후에 복용하도록 한다."
A11A0500A0131,all,Ibuprofen,Aspirin Aluminium,"NSAIDs/Salicylates(Aspirin) 임상효과 : 두 약물의 병용투여시 저용량의 코팅되지 않은 아스피린의 심혈관 보호 작용이 감소될 수 있다. 이들 제제는 또한 위자극을 일으킨다. 기전 : 두 약물의 병용투여시 혈소판에서 시클로옥시게나아제(cyclooxygenase)의 아세틸화(acetylation) 부위의 경쟁적 저해가 예상된다. 처치 : 저용량의 아스피린을 복용 중인 환자는 아세트아미노펜(Acetaminophen)과 같이 아스피린의 항혈소판 효과를 저해하지 않는 진통제의 사용을 고려해본다. 즉시-방출형(immediate-release) 아스피린의 복용후 30분 후 혹은 최소 8시간 이전에 이부프로펜을 복용하도록 하며, NSAIDs는 심혈관보호작용을 하는 장용성 코팅 아스피린 복용 후 최소 1시간 후에 복용하도록 한다."
A11A0500A0131,all,Ibuprofen,Aspirin DL-Lysine,"NSAIDs/Salicylates(Aspirin) 임상효과 : 두 약물의 병용투여시 저용량의 코팅되지 않은 아스피린의 심혈관 보호 작용이 감소될 수 있다. 이들 제제는 또한 위자극을 일으킨다. 기전 : 두 약물의 병용투여시 혈소판에서 시클로옥시게나아제(cyclooxygenase)의 아세틸화(acetylation) 부위의 경쟁적 저해가 예상된다. 처치 : 저용량의 아스피린을 복용 중인 환자는 아세트아미노펜(Acetaminophen)과 같이 아스피린의 항혈소판 효과를 저해하지 않는 진통제의 사용을 고려해본다. 즉시-방출형(immediate-release) 아스피린의 복용후 30분 후 혹은 최소 8시간 이전에 이부프로펜을 복용하도록 하며, NSAIDs는 심혈관보호작용을 하는 장용성 코팅 아스피린 복용 후 최소 1시간 후에 복용하도록 한다."
A11A0500A0131,all,Ibuprofen,Butylflufenamate,"NSAIDs/NSAIDs 임상효과 : 두 약물의 병용투여시 위장관 궤양과 출혈 등 중증의 위장관계 이상반응의 발생 위험이 증가될 수 있으며, 신기능이 감소될 수도 있다. 기전 : 두 약물의 병용투여시 NSAIDs 부작용에 대한 상가 또는 상승 작용이 나타날 수 있다. 처치 : 두 약물은 병용투여하지 않는다. 다만, 국내 병용금기 약물이 아닌 경우 부득이하게 병용투여를 피할 수 없다면, 환자의 임상상태를 주의깊게 모니터링 하여야 하며, 약물의 독성이 나타나면 투여를 중지하는 등 적절한 조치를 취한다."
A11A0500A0131,all,Ibuprofen,Celecoxib,"NSAIDs/NSAIDs 임상효과 : 두 약물의 병용투여시 위장관 궤양과 출혈 등 중증의 위장관계 이상반응의 발생 위험이 증가될 수 있으며, 신기능이 감소될 수도 있다. 기전 : 두 약물의 병용투여시 NSAIDs 부작용에 대한 상가 또는 상승 작용이 나타날 수 있다. 처치 : 두 약물은 병용투여하지 않는다. 다만, 국내 병용금기 약물이 아닌 경우 부득이하게 병용투여를 피할 수 없다면, 환자의 임상상태를 주의깊게 모니터링 하여야 하며, 약물의 독성이 나타나면 투여를 중지하는 등 적절한 조치를 취한다."
A11A0500A0131,all,Ibuprofen,Cimetidine,NSAIDs/Histamine H₂ Antagonists 임상효과 : 두 약물의 병용투여시 NSAIDs(비스테로이드성 항염증제)의 치료작용이 변화될 수 있다. 기전 : 정확한 상호작용 기전은 밝혀지지 않았다. 처치 : 두 약물의 병용투여시 특별한 임상적 간섭은 필요하지 않다.
A11A0500A0131,all,Ibuprofen,Cimetidine Hydrochloride,NSAIDs/Histamine H₂ Antagonists 임상효과 : 두 약물의 병용투여시 NSAIDs(비스테로이드성 항염증제)의 치료작용이 변화될 수 있다. 기전 : 정확한 상호작용 기전은 밝혀지지 않았다. 처치 : 두 약물의 병용투여시 특별한 임상적 간섭은 필요하지 않다.
A11A0500A0131,all,Ibuprofen,Cinnoxicam,"NSAIDs/NSAIDs 임상효과 : 두 약물의 병용투여시 위장관 궤양과 출혈 등 중증의 위장관계 이상반응의 발생 위험이 증가될 수 있으며, 신기능이 감소될 수도 있다. 기전 : 두 약물의 병용투여시 NSAIDs 부작용에 대한 상가 또는 상승 작용이 나타날 수 있다. 처치 : 두 약물은 병용투여하지 않는다. 다만, 국내 병용금기 약물이 아닌 경우 부득이하게 병용투여를 피할 수 없다면, 환자의 임상상태를 주의깊게 모니터링 하여야 하며, 약물의 독성이 나타나면 투여를 중지하는 등 적절한 조치를 취한다."
A11A0500A0131,all,Ibuprofen,Ciprofloxacin,"NSAIDs/Quinolones 임상효과 : 두 약물의 병용투여시 드물게 경련이 나타날 위험성이 있다. 처치 : 두 약물은 병용투여하지 않는다. 다만, 국내 병용금기 약물이 아닌 경우 부득이하게 병용투여를 피할 수 없다면, 환자의 임상상태를 주의깊게 모니터링 하여야 하고, 신중히 투여해야 한다. 두 약물의 병용에 의해 경련이 나타나는 경우에는 투여를 중지하고 기도확보, 항전간제 투여 등의 적절한 처치를 한다."
A11A0500A0131,all,Ibuprofen,Ciprofloxacin Hydrochloride Hydrate,"NSAIDs/Quinolones 임상효과 : 두 약물의 병용투여시 드물게 경련이 나타날 위험성이 있다. 처치 : 두 약물은 병용투여하지 않는다. 다만, 국내 병용금기 약물이 아닌 경우 부득이하게 병용투여를 피할 수 없다면, 환자의 임상상태를 주의깊게 모니터링 하여야 하고, 신중히 투여해야 한다. 두 약물의 병용에 의해 경련이 나타나는 경우에는 투여를 중지하고 기도확보, 항전간제 투여 등의 적절한 처치를 한다."
A11A0500A0131,all,Ibuprofen,Ciprofloxacin Lactate,"NSAIDs/Quinolones 임상효과 : 두 약물의 병용투여시 드물게 경련이 나타날 위험성이 있다. 처치 : 두 약물은 병용투여하지 않는다. 다만, 국내 병용금기 약물이 아닌 경우 부득이하게 병용투여를 피할 수 없다면, 환자의 임상상태를 주의깊게 모니터링 하여야 하고, 신중히 투여해야 한다. 두 약물의 병용에 의해 경련이 나타나는 경우에는 투여를 중지하고 기도확보, 항전간제 투여 등의 적절한 처치를 한다."
A11A0500A0131,all,Ibuprofen,Citalopram,"NSAIDs/Serotonin Reuptake Inhibitors 임상효과 : 두 약물의 병용투여시 상부위장관의 출혈 위험이 증가할 수 있다. 기전 : 정확한 상호작용 기전은 밝혀지지 않았다. 처치 : 두 약물의 병용투여는 피하는 것이 바람직하다. 부득이하게 두 약물의 병용을 피할 수 없다면, NSAIDs(비스테로이드성 항염증제)의 치료기간을 더 짧게 하거나 용량을 감소시키거나 혹은 NSAIDs를 아세트아미노펜(Acetaminophen)으로 선택적 세로토닌 재흡수 차단제(SSRIs)를 삼환계 항우울제(TCAs)로 대체해야 한다. 만약 위장관 관련 부작용이 나타난다면, 수소펌프 저해제(Proton pump inhibitor)과 같은 중재적 치료를 고려하거나 SSRIs나 NSAIDs의 복용을 중단하고 대체요법을 사용해야 한다."
A11A0500A0131,all,Ibuprofen,Citalopram Hydrobromide,"NSAIDs/Serotonin Reuptake Inhibitors 임상효과 : 두 약물의 병용투여시 상부위장관의 출혈 위험이 증가할 수 있다. 기전 : 정확한 상호작용 기전은 밝혀지지 않았다. 처치 : 두 약물의 병용투여는 피하는 것이 바람직하다. 부득이하게 두 약물의 병용을 피할 수 없다면, NSAIDs(비스테로이드성 항염증제)의 치료기간을 더 짧게 하거나 용량을 감소시키거나 혹은 NSAIDs를 아세트아미노펜(Acetaminophen)으로 선택적 세로토닌 재흡수 차단제(SSRIs)를 삼환계 항우울제(TCAs)로 대체해야 한다. 만약 위장관 관련 부작용이 나타난다면, 수소펌프 저해제(Proton pump inhibitor)과 같은 중재적 치료를 고려하거나 SSRIs나 NSAIDs의 복용을 중단하고 대체요법을 사용해야 한다."
A11A0500A0131,all,Ibuprofen,Citalopram Hydrochloride,"NSAIDs/Serotonin Reuptake Inhibitors 임상효과 : 두 약물의 병용투여시 상부위장관의 출혈 위험이 증가할 수 있다. 기전 : 정확한 상호작용 기전은 밝혀지지 않았다. 처치 : 두 약물의 병용투여는 피하는 것이 바람직하다. 부득이하게 두 약물의 병용을 피할 수 없다면, NSAIDs(비스테로이드성 항염증제)의 치료기간을 더 짧게 하거나 용량을 감소시키거나 혹은 NSAIDs를 아세트아미노펜(Acetaminophen)으로 선택적 세로토닌 재흡수 차단제(SSRIs)를 삼환계 항우울제(TCAs)로 대체해야 한다. 만약 위장관 관련 부작용이 나타난다면, 수소펌프 저해제(Proton pump inhibitor)과 같은 중재적 치료를 고려하거나 SSRIs나 NSAIDs의 복용을 중단하고 대체요법을 사용해야 한다."
A11A0500A0131,all,Ibuprofen,Clonixin,"NSAIDs/NSAIDs 임상효과 : 두 약물의 병용투여시 위장관 궤양과 출혈 등 중증의 위장관계 이상반응의 발생 위험이 증가될 수 있으며, 신기능이 감소될 수도 있다. 기전 : 두 약물의 병용투여시 NSAIDs 부작용에 대한 상가 또는 상승 작용이 나타날 수 있다. 처치 : 두 약물은 병용투여하지 않는다. 다만, 국내 병용금기 약물이 아닌 경우 부득이하게 병용투여를 피할 수 없다면, 환자의 임상상태를 주의깊게 모니터링 하여야 하며, 약물의 독성이 나타나면 투여를 중지하는 등 적절한 조치를 취한다."
A11A0500A0131,all,Ibuprofen,Clonixin Lysinate,"NSAIDs/NSAIDs 임상효과 : 두 약물의 병용투여시 위장관 궤양과 출혈 등 중증의 위장관계 이상반응의 발생 위험이 증가될 수 있으며, 신기능이 감소될 수도 있다. 기전 : 두 약물의 병용투여시 NSAIDs 부작용에 대한 상가 또는 상승 작용이 나타날 수 있다. 처치 : 두 약물은 병용투여하지 않는다. 다만, 국내 병용금기 약물이 아닌 경우 부득이하게 병용투여를 피할 수 없다면, 환자의 임상상태를 주의깊게 모니터링 하여야 하며, 약물의 독성이 나타나면 투여를 중지하는 등 적절한 조치를 취한다."
A11A0500A0131,all,Ibuprofen,Dexibuprofen,"NSAIDs/NSAIDs 임상효과 : 두 약물의 병용투여시 위장관 궤양과 출혈 등 중증의 위장관계 이상반응의 발생 위험이 증가될 수 있으며, 신기능이 감소될 수도 있다. 기전 : 두 약물의 병용투여시 NSAIDs 부작용에 대한 상가 또는 상승 작용이 나타날 수 있다. 처치 : 두 약물은 병용투여하지 않는다. 다만, 국내 병용금기 약물이 아닌 경우 부득이하게 병용투여를 피할 수 없다면, 환자의 임상상태를 주의깊게 모니터링 하여야 하며, 약물의 독성이 나타나면 투여를 중지하는 등 적절한 조치를 취한다."
A11A0500A0131,all,Ibuprofen,Dexketoprofen Trometamol,"NSAIDs/NSAIDs 임상효과 : 두 약물의 병용투여시 위장관 궤양과 출혈 등 중증의 위장관계 이상반응의 발생 위험이 증가될 수 있으며, 신기능이 감소될 수도 있다. 기전 : 두 약물의 병용투여시 NSAIDs 부작용에 대한 상가 또는 상승 작용이 나타날 수 있다. 처치 : 두 약물은 병용투여하지 않는다. 다만, 국내 병용금기 약물이 아닌 경우 부득이하게 병용투여를 피할 수 없다면, 환자의 임상상태를 주의깊게 모니터링 하여야 하며, 약물의 독성이 나타나면 투여를 중지하는 등 적절한 조치를 취한다."
A11A0500A0131,all,Ibuprofen,Dichloralphenazone,"NSAIDs/NSAIDs 임상효과 : 두 약물의 병용투여시 위장관 궤양과 출혈 등 중증의 위장관계 이상반응의 발생 위험이 증가될 수 있으며, 신기능이 감소될 수도 있다. 기전 : 두 약물의 병용투여시 NSAIDs 부작용에 대한 상가 또는 상승 작용이 나타날 수 있다. 처치 : 두 약물은 병용투여하지 않는다. 다만, 국내 병용금기 약물이 아닌 경우 부득이하게 병용투여를 피할 수 없다면, 환자의 임상상태를 주의깊게 모니터링 하여야 하며, 약물의 독성이 나타나면 투여를 중지하는 등 적절한 조치를 취한다."
A11A0500A0131,all,Ibuprofen,Diclofenac,"NSAIDs/NSAIDs 임상효과 : 두 약물의 병용투여시 위장관 궤양과 출혈 등 중증의 위장관계 이상반응의 발생 위험이 증가될 수 있으며, 신기능이 감소될 수도 있다. 기전 : 두 약물의 병용투여시 NSAIDs 부작용에 대한 상가 또는 상승 작용이 나타날 수 있다. 처치 : 두 약물은 병용투여하지 않는다. 다만, 국내 병용금기 약물이 아닌 경우 부득이하게 병용투여를 피할 수 없다면, 환자의 임상상태를 주의깊게 모니터링 하여야 하며, 약물의 독성이 나타나면 투여를 중지하는 등 적절한 조치를 취한다."
A11A0500A0131,all,Ibuprofen,Diclofenac Diethylammonium,"NSAIDs/NSAIDs 임상효과 : 두 약물의 병용투여시 위장관 궤양과 출혈 등 중증의 위장관계 이상반응의 발생 위험이 증가될 수 있으며, 신기능이 감소될 수도 있다. 기전 : 두 약물의 병용투여시 NSAIDs 부작용에 대한 상가 또는 상승 작용이 나타날 수 있다. 처치 : 두 약물은 병용투여하지 않는다. 다만, 국내 병용금기 약물이 아닌 경우 부득이하게 병용투여를 피할 수 없다면, 환자의 임상상태를 주의깊게 모니터링 하여야 하며, 약물의 독성이 나타나면 투여를 중지하는 등 적절한 조치를 취한다."
A11A0500A0131,all,Ibuprofen,Diclofenac Epolamine,"NSAIDs/NSAIDs 임상효과 : 두 약물의 병용투여시 위장관 궤양과 출혈 등 중증의 위장관계 이상반응의 발생 위험이 증가될 수 있으며, 신기능이 감소될 수도 있다. 기전 : 두 약물의 병용투여시 NSAIDs 부작용에 대한 상가 또는 상승 작용이 나타날 수 있다. 처치 : 두 약물은 병용투여하지 않는다. 다만, 국내 병용금기 약물이 아닌 경우 부득이하게 병용투여를 피할 수 없다면, 환자의 임상상태를 주의깊게 모니터링 하여야 하며, 약물의 독성이 나타나면 투여를 중지하는 등 적절한 조치를 취한다."
A11A0500A0131,all,Ibuprofen,Diclofenac Potassium,"NSAIDs/NSAIDs 임상효과 : 두 약물의 병용투여시 위장관 궤양과 출혈 등 중증의 위장관계 이상반응의 발생 위험이 증가될 수 있으며, 신기능이 감소될 수도 있다. 기전 : 두 약물의 병용투여시 NSAIDs 부작용에 대한 상가 또는 상승 작용이 나타날 수 있다. 처치 : 두 약물은 병용투여하지 않는다. 다만, 국내 병용금기 약물이 아닌 경우 부득이하게 병용투여를 피할 수 없다면, 환자의 임상상태를 주의깊게 모니터링 하여야 하며, 약물의 독성이 나타나면 투여를 중지하는 등 적절한 조치를 취한다."
A11A0500A0131,all,Ibuprofen,Diclofenac Sodium,"NSAIDs/NSAIDs 임상효과 : 두 약물의 병용투여시 위장관 궤양과 출혈 등 중증의 위장관계 이상반응의 발생 위험이 증가될 수 있으며, 신기능이 감소될 수도 있다. 기전 : 두 약물의 병용투여시 NSAIDs 부작용에 대한 상가 또는 상승 작용이 나타날 수 있다. 처치 : 두 약물은 병용투여하지 않는다. 다만, 국내 병용금기 약물이 아닌 경우 부득이하게 병용투여를 피할 수 없다면, 환자의 임상상태를 주의깊게 모니터링 하여야 하며, 약물의 독성이 나타나면 투여를 중지하는 등 적절한 조치를 취한다."
A11A0500A0131,all,Ibuprofen,Diclofenac β-dimethylaminoethanol,"NSAIDs/NSAIDs 임상효과 : 두 약물의 병용투여시 위장관 궤양과 출혈 등 중증의 위장관계 이상반응의 발생 위험이 증가될 수 있으며, 신기능이 감소될 수도 있다. 기전 : 두 약물의 병용투여시 NSAIDs 부작용에 대한 상가 또는 상승 작용이 나타날 수 있다. 처치 : 두 약물은 병용투여하지 않는다. 다만, 국내 병용금기 약물이 아닌 경우 부득이하게 병용투여를 피할 수 없다면, 환자의 임상상태를 주의깊게 모니터링 하여야 하며, 약물의 독성이 나타나면 투여를 중지하는 등 적절한 조치를 취한다."
A11A0500A0131,all,Ibuprofen,Diflunisal,"NSAIDs/NSAIDs 임상효과 : 두 약물의 병용투여시 위장관 궤양과 출혈 등 중증의 위장관계 이상반응의 발생 위험이 증가될 수 있으며, 신기능이 감소될 수도 있다. 기전 : 두 약물의 병용투여시 NSAIDs 부작용에 대한 상가 또는 상승 작용이 나타날 수 있다. 처치 : 두 약물은 병용투여하지 않는다. 다만, 국내 병용금기 약물이 아닌 경우 부득이하게 병용투여를 피할 수 없다면, 환자의 임상상태를 주의깊게 모니터링 하여야 하며, 약물의 독성이 나타나면 투여를 중지하는 등 적절한 조치를 취한다."
A11A0500A0131,all,Ibuprofen,Emorfazone,"NSAIDs/NSAIDs 임상효과 : 두 약물의 병용투여시 위장관 궤양과 출혈 등 중증의 위장관계 이상반응의 발생 위험이 증가될 수 있으며, 신기능이 감소될 수도 있다. 기전 : 두 약물의 병용투여시 NSAIDs 부작용에 대한 상가 또는 상승 작용이 나타날 수 있다. 처치 : 두 약물은 병용투여하지 않는다. 다만, 국내 병용금기 약물이 아닌 경우 부득이하게 병용투여를 피할 수 없다면, 환자의 임상상태를 주의깊게 모니터링 하여야 하며, 약물의 독성이 나타나면 투여를 중지하는 등 적절한 조치를 취한다."
A11A0500A0131,all,Ibuprofen,Enfenamic Acid,"NSAIDs/NSAIDs 임상효과 : 두 약물의 병용투여시 위장관 궤양과 출혈 등 중증의 위장관계 이상반응의 발생 위험이 증가될 수 있으며, 신기능이 감소될 수도 있다. 기전 : 두 약물의 병용투여시 NSAIDs 부작용에 대한 상가 또는 상승 작용이 나타날 수 있다. 처치 : 두 약물은 병용투여하지 않는다. 다만, 국내 병용금기 약물이 아닌 경우 부득이하게 병용투여를 피할 수 없다면, 환자의 임상상태를 주의깊게 모니터링 하여야 하며, 약물의 독성이 나타나면 투여를 중지하는 등 적절한 조치를 취한다."
A11A0500A0131,all,Ibuprofen,Enoxacin Hydrate,"NSAIDs/Quinolones 임상효과 : 두 약물의 병용투여시 드물게 경련이 나타날 위험성이 있다. 처치 : 두 약물은 병용투여하지 않는다. 다만, 국내 병용금기 약물이 아닌 경우 부득이하게 병용투여를 피할 수 없다면, 환자의 임상상태를 주의깊게 모니터링 하여야 하고, 신중히 투여해야 한다. 두 약물의 병용에 의해 경련이 나타나는 경우에는 투여를 중지하고 기도확보, 항전간제 투여 등의 적절한 처치를 한다."
A11A0500A0131,all,Ibuprofen,Escitalopram Oxalate,"NSAIDs/Serotonin Reuptake Inhibitors 임상효과 : 두 약물의 병용투여시 상부위장관의 출혈 위험이 증가할 수 있다. 기전 : 정확한 상호작용 기전은 밝혀지지 않았다. 처치 : 두 약물의 병용투여는 피하는 것이 바람직하다. 부득이하게 두 약물의 병용을 피할 수 없다면, NSAIDs(비스테로이드성 항염증제)의 치료기간을 더 짧게 하거나 용량을 감소시키거나 혹은 NSAIDs를 아세트아미노펜(Acetaminophen)으로 선택적 세로토닌 재흡수 차단제(SSRIs)를 삼환계 항우울제(TCAs)로 대체해야 한다. 만약 위장관 관련 부작용이 나타난다면, 수소펌프 저해제(Proton pump inhibitor)과 같은 중재적 치료를 고려하거나 SSRIs나 NSAIDs의 복용을 중단하고 대체요법을 사용해야 한다."
A11A0500A0131,all,Ibuprofen,Etidronate Disodium,"NSAIDs/Bisphosphonates 임상효과 : 두 약물의 병용투여시 위궤양의 위험이 증가할 수 있다. 기전 : 두 약물은 위궤양을 유발하는 데 있어 상승적인 작용을 할 수 있다. 처치 : 두 약물의 병용투여시에는 관찰을 충분히 하고, 신중히 투여해야 한다. 환자에게 위장관계 부작용, 특히 위궤양이 발생하는지를 주의깊게 모니터링해야 한다."
A11A0500A0131,all,Ibuprofen,Etidronate Tetrasodium,"NSAIDs/Bisphosphonates 임상효과 : 두 약물의 병용투여시 위궤양의 위험이 증가할 수 있다. 기전 : 두 약물은 위궤양을 유발하는 데 있어 상승적인 작용을 할 수 있다. 처치 : 두 약물의 병용투여시에는 관찰을 충분히 하고, 신중히 투여해야 한다. 환자에게 위장관계 부작용, 특히 위궤양이 발생하는지를 주의깊게 모니터링해야 한다."
A11A0500A0131,all,Ibuprofen,Etidronic Acid,"NSAIDs/Bisphosphonates 임상효과 : 두 약물의 병용투여시 위궤양의 위험이 증가할 수 있다. 기전 : 두 약물은 위궤양을 유발하는 데 있어 상승적인 작용을 할 수 있다. 처치 : 두 약물의 병용투여시에는 관찰을 충분히 하고, 신중히 투여해야 한다. 환자에게 위장관계 부작용, 특히 위궤양이 발생하는지를 주의깊게 모니터링해야 한다."
A11A0500A0131,all,Ibuprofen,Etodolac,"NSAIDs/NSAIDs 임상효과 : 두 약물의 병용투여시 위장관 궤양과 출혈 등 중증의 위장관계 이상반응의 발생 위험이 증가될 수 있으며, 신기능이 감소될 수도 있다. 기전 : 두 약물의 병용투여시 NSAIDs 부작용에 대한 상가 또는 상승 작용이 나타날 수 있다. 처치 : 두 약물은 병용투여하지 않는다. 다만, 국내 병용금기 약물이 아닌 경우 부득이하게 병용투여를 피할 수 없다면, 환자의 임상상태를 주의깊게 모니터링 하여야 하며, 약물의 독성이 나타나면 투여를 중지하는 등 적절한 조치를 취한다."
A11A0500A0131,all,Ibuprofen,Etofenamate,"NSAIDs/NSAIDs 임상효과 : 두 약물의 병용투여시 위장관 궤양과 출혈 등 중증의 위장관계 이상반응의 발생 위험이 증가될 수 있으며, 신기능이 감소될 수도 있다. 기전 : 두 약물의 병용투여시 NSAIDs 부작용에 대한 상가 또는 상승 작용이 나타날 수 있다. 처치 : 두 약물은 병용투여하지 않는다. 다만, 국내 병용금기 약물이 아닌 경우 부득이하게 병용투여를 피할 수 없다면, 환자의 임상상태를 주의깊게 모니터링 하여야 하며, 약물의 독성이 나타나면 투여를 중지하는 등 적절한 조치를 취한다."
A11A0500A0131,all,Ibuprofen,Famotidine,NSAIDs/Histamine H₂ Antagonists 임상효과 : 두 약물의 병용투여시 NSAIDs(비스테로이드성 항염증제)의 치료작용이 변화될 수 있다. 기전 : 정확한 상호작용 기전은 밝혀지지 않았다. 처치 : 두 약물의 병용투여시 특별한 임상적 간섭은 필요하지 않다.
A11A0500A0131,all,Ibuprofen,Fenbufen,"NSAIDs/NSAIDs 임상효과 : 두 약물의 병용투여시 위장관 궤양과 출혈 등 중증의 위장관계 이상반응의 발생 위험이 증가될 수 있으며, 신기능이 감소될 수도 있다. 기전 : 두 약물의 병용투여시 NSAIDs 부작용에 대한 상가 또는 상승 작용이 나타날 수 있다. 처치 : 두 약물은 병용투여하지 않는다. 다만, 국내 병용금기 약물이 아닌 경우 부득이하게 병용투여를 피할 수 없다면, 환자의 임상상태를 주의깊게 모니터링 하여야 하며, 약물의 독성이 나타나면 투여를 중지하는 등 적절한 조치를 취한다."
A11A0500A0131,all,Ibuprofen,Fenoprofen Calcium Hydrate,"NSAIDs/NSAIDs 임상효과 : 두 약물의 병용투여시 위장관 궤양과 출혈 등 중증의 위장관계 이상반응의 발생 위험이 증가될 수 있으며, 신기능이 감소될 수도 있다. 기전 : 두 약물의 병용투여시 NSAIDs 부작용에 대한 상가 또는 상승 작용이 나타날 수 있다. 처치 : 두 약물은 병용투여하지 않는다. 다만, 국내 병용금기 약물이 아닌 경우 부득이하게 병용투여를 피할 수 없다면, 환자의 임상상태를 주의깊게 모니터링 하여야 하며, 약물의 독성이 나타나면 투여를 중지하는 등 적절한 조치를 취한다."
A11A0500A0131,all,Ibuprofen,Fleroxacin,"NSAIDs/Quinolones 임상효과 : 두 약물의 병용투여시 드물게 경련이 나타날 위험성이 있다. 처치 : 두 약물은 병용투여하지 않는다. 다만, 국내 병용금기 약물이 아닌 경우 부득이하게 병용투여를 피할 수 없다면, 환자의 임상상태를 주의깊게 모니터링 하여야 하고, 신중히 투여해야 한다. 두 약물의 병용에 의해 경련이 나타나는 경우에는 투여를 중지하고 기도확보, 항전간제 투여 등의 적절한 처치를 한다."
A11A0500A0131,all,Ibuprofen,Fluconazole,NSAIDs/Azole Antifungal Agents 임상효과 : 두 약물의 병용투여시 NSAIDs(비스테로이드성 항염증제)의 혈장농도가 상승하여 이 약물의 약리학적 효과 및 부작용의 위험이 증가할 수 있다. 기전 : CYP2C9에 의해 대사되는 NSAIDs와 CYP2C9 저해작용을 가진 아졸계 항진균제의 병용투여시 NSAIDs의 대사 및 배설이 저해되어 이 약물의 혈장농도와 활성이 증가될 수 있다. 처치 : 두 약물의 병용투여시에는 환자에게 NSAIDs의 부작용이 나타나는지 관찰해야 하고 필요시 NSAID의 용량을 조절한다.
A11A0500A0131,all,Ibuprofen,Flufenamic Acid,"NSAIDs/NSAIDs 임상효과 : 두 약물의 병용투여시 위장관 궤양과 출혈 등 중증의 위장관계 이상반응의 발생 위험이 증가될 수 있으며, 신기능이 감소될 수도 있다. 기전 : 두 약물의 병용투여시 NSAIDs 부작용에 대한 상가 또는 상승 작용이 나타날 수 있다. 처치 : 두 약물은 병용투여하지 않는다. 다만, 국내 병용금기 약물이 아닌 경우 부득이하게 병용투여를 피할 수 없다면, 환자의 임상상태를 주의깊게 모니터링 하여야 하며, 약물의 독성이 나타나면 투여를 중지하는 등 적절한 조치를 취한다."
A11A0500A0131,all,Ibuprofen,Fluoxetine,"NSAIDs/Serotonin Reuptake Inhibitors 임상효과 : 두 약물의 병용투여시 상부위장관의 출혈 위험이 증가할 수 있다. 기전 : 정확한 상호작용 기전은 밝혀지지 않았다. 처치 : 두 약물의 병용투여는 피하는 것이 바람직하다. 부득이하게 두 약물의 병용을 피할 수 없다면, NSAIDs(비스테로이드성 항염증제)의 치료기간을 더 짧게 하거나 용량을 감소시키거나 혹은 NSAIDs를 아세트아미노펜(Acetaminophen)으로 선택적 세로토닌 재흡수 차단제(SSRIs)를 삼환계 항우울제(TCAs)로 대체해야 한다. 만약 위장관 관련 부작용이 나타난다면, 수소펌프 저해제(Proton pump inhibitor)과 같은 중재적 치료를 고려하거나 SSRIs나 NSAIDs의 복용을 중단하고 대체요법을 사용해야 한다."
A11A0500A0131,all,Ibuprofen,Fluoxetine Hydrochloride,"NSAIDs/Serotonin Reuptake Inhibitors 임상효과 : 두 약물의 병용투여시 상부위장관의 출혈 위험이 증가할 수 있다. 기전 : 정확한 상호작용 기전은 밝혀지지 않았다. 처치 : 두 약물의 병용투여는 피하는 것이 바람직하다. 부득이하게 두 약물의 병용을 피할 수 없다면, NSAIDs(비스테로이드성 항염증제)의 치료기간을 더 짧게 하거나 용량을 감소시키거나 혹은 NSAIDs를 아세트아미노펜(Acetaminophen)으로 선택적 세로토닌 재흡수 차단제(SSRIs)를 삼환계 항우울제(TCAs)로 대체해야 한다. 만약 위장관 관련 부작용이 나타난다면, 수소펌프 저해제(Proton pump inhibitor)과 같은 중재적 치료를 고려하거나 SSRIs나 NSAIDs의 복용을 중단하고 대체요법을 사용해야 한다."
A11A0500A0131,all,Ibuprofen,Flurbiprofen,"NSAIDs/NSAIDs 임상효과 : 두 약물의 병용투여시 위장관 궤양과 출혈 등 중증의 위장관계 이상반응의 발생 위험이 증가될 수 있으며, 신기능이 감소될 수도 있다. 기전 : 두 약물의 병용투여시 NSAIDs 부작용에 대한 상가 또는 상승 작용이 나타날 수 있다. 처치 : 두 약물은 병용투여하지 않는다. 다만, 국내 병용금기 약물이 아닌 경우 부득이하게 병용투여를 피할 수 없다면, 환자의 임상상태를 주의깊게 모니터링 하여야 하며, 약물의 독성이 나타나면 투여를 중지하는 등 적절한 조치를 취한다."
A11A0500A0131,all,Ibuprofen,Flurbiprofen Sodium Hydrate,"NSAIDs/NSAIDs 임상효과 : 두 약물의 병용투여시 위장관 궤양과 출혈 등 중증의 위장관계 이상반응의 발생 위험이 증가될 수 있으며, 신기능이 감소될 수도 있다. 기전 : 두 약물의 병용투여시 NSAIDs 부작용에 대한 상가 또는 상승 작용이 나타날 수 있다. 처치 : 두 약물은 병용투여하지 않는다. 다만, 국내 병용금기 약물이 아닌 경우 부득이하게 병용투여를 피할 수 없다면, 환자의 임상상태를 주의깊게 모니터링 하여야 하며, 약물의 독성이 나타나면 투여를 중지하는 등 적절한 조치를 취한다."
A11A0500A0131,all,Ibuprofen,Fluvoxamine Maleate,"NSAIDs/Serotonin Reuptake Inhibitors 임상효과 : 두 약물의 병용투여시 상부위장관의 출혈 위험이 증가할 수 있다. 기전 : 정확한 상호작용 기전은 밝혀지지 않았다. 처치 : 두 약물의 병용투여는 피하는 것이 바람직하다. 부득이하게 두 약물의 병용을 피할 수 없다면, NSAIDs(비스테로이드성 항염증제)의 치료기간을 더 짧게 하거나 용량을 감소시키거나 혹은 NSAIDs를 아세트아미노펜(Acetaminophen)으로 선택적 세로토닌 재흡수 차단제(SSRIs)를 삼환계 항우울제(TCAs)로 대체해야 한다. 만약 위장관 관련 부작용이 나타난다면, 수소펌프 저해제(Proton pump inhibitor)과 같은 중재적 치료를 고려하거나 SSRIs나 NSAIDs의 복용을 중단하고 대체요법을 사용해야 한다."
A11A0500A0131,all,Ibuprofen,Gemfibrozil,NSAIDs(Ibuprofen)/Fibrates(Gemfibrozil) 임상효과 : 두 약물의 병용투여시 이부프로펜의 혈장 농도가 상승하여 이 약물의 약리학적 효과 및 부작용이 증가할 수 있다. 기전 : 이부프로펜은 CYP2C8에 의해 대사된다. 따라서 이부프로펜과 CYP2C8 저해작용을 가진 겜피브로질의 병용투여시 NSAIDs의 대사 및 배설이 저해되어 이 약물의 혈장 농도와 활성이 증가될 수 있다. 처치 : 두 약물의 병용투여시에는 환자에게 이부프로펜의 부작용이 나타나는지 주의깊게 관찰하고 필요시 약물의 용량을 조절한다.
A11A0500A0131,all,Ibuprofen,Glucametacin Hydrate,"NSAIDs/NSAIDs 임상효과 : 두 약물의 병용투여시 위장관 궤양과 출혈 등 중증의 위장관계 이상반응의 발생 위험이 증가될 수 있으며, 신기능이 감소될 수도 있다. 기전 : 두 약물의 병용투여시 NSAIDs 부작용에 대한 상가 또는 상승 작용이 나타날 수 있다. 처치 : 두 약물은 병용투여하지 않는다. 다만, 국내 병용금기 약물이 아닌 경우 부득이하게 병용투여를 피할 수 없다면, 환자의 임상상태를 주의깊게 모니터링 하여야 하며, 약물의 독성이 나타나면 투여를 중지하는 등 적절한 조치를 취한다."
A11A0500A0131,all,Ibuprofen,Grepafloxacin Hydrochloride,"NSAIDs/Quinolones 임상효과 : 두 약물의 병용투여시 드물게 경련이 나타날 위험성이 있다. 처치 : 두 약물은 병용투여하지 않는다. 다만, 국내 병용금기 약물이 아닌 경우 부득이하게 병용투여를 피할 수 없다면, 환자의 임상상태를 주의깊게 모니터링 하여야 하고, 신중히 투여해야 한다. 두 약물의 병용에 의해 경련이 나타나는 경우에는 투여를 중지하고 기도확보, 항전간제 투여 등의 적절한 처치를 한다."
A11A0500A0131,all,Ibuprofen,Ibandronate Sodium Monohydrate,"NSAIDs/Bisphosphonates 임상효과 : 두 약물의 병용투여시 위궤양의 위험이 증가할 수 있다. 기전 : 두 약물은 위궤양을 유발하는 데 있어 상승적인 작용을 할 수 있다. 처치 : 두 약물의 병용투여시에는 관찰을 충분히 하고, 신중히 투여해야 한다. 환자에게 위장관계 부작용, 특히 위궤양이 발생하는지를 주의깊게 모니터링해야 한다."
A11A0500A0131,all,Ibuprofen,Ibuprofen Arginine,"NSAIDs/NSAIDs 임상효과 : 두 약물의 병용투여시 위장관 궤양과 출혈 등 중증의 위장관계 이상반응의 발생 위험이 증가될 수 있으며, 신기능이 감소될 수도 있다. 기전 : 두 약물의 병용투여시 NSAIDs 부작용에 대한 상가 또는 상승 작용이 나타날 수 있다. 처치 : 두 약물은 병용투여하지 않는다. 다만, 국내 병용금기 약물이 아닌 경우 부득이하게 병용투여를 피할 수 없다면, 환자의 임상상태를 주의깊게 모니터링 하여야 하며, 약물의 독성이 나타나면 투여를 중지하는 등 적절한 조치를 취한다."
A11A0500A0131,all,Ibuprofen,Ibuprofen Lysine,"NSAIDs/NSAIDs 임상효과 : 두 약물의 병용투여시 위장관 궤양과 출혈 등 중증의 위장관계 이상반응의 발생 위험이 증가될 수 있으며, 신기능이 감소될 수도 있다. 기전 : 두 약물의 병용투여시 NSAIDs 부작용에 대한 상가 또는 상승 작용이 나타날 수 있다. 처치 : 두 약물은 병용투여하지 않는다. 다만, 국내 병용금기 약물이 아닌 경우 부득이하게 병용투여를 피할 수 없다면, 환자의 임상상태를 주의깊게 모니터링 하여야 하며, 약물의 독성이 나타나면 투여를 중지하는 등 적절한 조치를 취한다."
A11A0500A0131,all,Ibuprofen,Ibuprofen Sodium,"NSAIDs/NSAIDs 임상효과 : 두 약물의 병용투여시 위장관 궤양과 출혈 등 중증의 위장관계 이상반응의 발생 위험이 증가될 수 있으며, 신기능이 감소될 수도 있다. 기전 : 두 약물의 병용투여시 NSAIDs 부작용에 대한 상가 또는 상승 작용이 나타날 수 있다. 처치 : 두 약물은 병용투여하지 않는다. 다만, 국내 병용금기 약물이 아닌 경우 부득이하게 병용투여를 피할 수 없다면, 환자의 임상상태를 주의깊게 모니터링 하여야 하며, 약물의 독성이 나타나면 투여를 중지하는 등 적절한 조치를 취한다."
A11A0500A0131,all,Ibuprofen,Ibuproxam,"NSAIDs/NSAIDs 임상효과 : 두 약물의 병용투여시 위장관 궤양과 출혈 등 중증의 위장관계 이상반응의 발생 위험이 증가될 수 있으며, 신기능이 감소될 수도 있다. 기전 : 두 약물의 병용투여시 NSAIDs 부작용에 대한 상가 또는 상승 작용이 나타날 수 있다. 처치 : 두 약물은 병용투여하지 않는다. 다만, 국내 병용금기 약물이 아닌 경우 부득이하게 병용투여를 피할 수 없다면, 환자의 임상상태를 주의깊게 모니터링 하여야 하며, 약물의 독성이 나타나면 투여를 중지하는 등 적절한 조치를 취한다."
A11A0500A0131,all,Ibuprofen,Imidazole Salicylate,"NSAIDs/NSAIDs 임상효과 : 두 약물의 병용투여시 위장관 궤양과 출혈 등 중증의 위장관계 이상반응의 발생 위험이 증가될 수 있으며, 신기능이 감소될 수도 있다. 기전 : 두 약물의 병용투여시 NSAIDs 부작용에 대한 상가 또는 상승 작용이 나타날 수 있다. 처치 : 두 약물은 병용투여하지 않는다. 다만, 국내 병용금기 약물이 아닌 경우 부득이하게 병용투여를 피할 수 없다면, 환자의 임상상태를 주의깊게 모니터링 하여야 하며, 약물의 독성이 나타나면 투여를 중지하는 등 적절한 조치를 취한다."
A11A0500A0131,all,Ibuprofen,Imidazole-2-Hydroxybenzoate,"NSAIDs/NSAIDs 임상효과 : 두 약물의 병용투여시 위장관 궤양과 출혈 등 중증의 위장관계 이상반응의 발생 위험이 증가될 수 있으며, 신기능이 감소될 수도 있다. 기전 : 두 약물의 병용투여시 NSAIDs 부작용에 대한 상가 또는 상승 작용이 나타날 수 있다. 처치 : 두 약물은 병용투여하지 않는다. 다만, 국내 병용금기 약물이 아닌 경우 부득이하게 병용투여를 피할 수 없다면, 환자의 임상상태를 주의깊게 모니터링 하여야 하며, 약물의 독성이 나타나면 투여를 중지하는 등 적절한 조치를 취한다."
A11A0500A0131,all,Ibuprofen,Indometacin,"NSAIDs/NSAIDs 임상효과 : 두 약물의 병용투여시 위장관 궤양과 출혈 등 중증의 위장관계 이상반응의 발생 위험이 증가될 수 있으며, 신기능이 감소될 수도 있다. 기전 : 두 약물의 병용투여시 NSAIDs 부작용에 대한 상가 또는 상승 작용이 나타날 수 있다. 처치 : 두 약물은 병용투여하지 않는다. 다만, 국내 병용금기 약물이 아닌 경우 부득이하게 병용투여를 피할 수 없다면, 환자의 임상상태를 주의깊게 모니터링 하여야 하며, 약물의 독성이 나타나면 투여를 중지하는 등 적절한 조치를 취한다."
A11A0500A0131,all,Ibuprofen,Indometacin Sodium Hydrate,"NSAIDs/NSAIDs 임상효과 : 두 약물의 병용투여시 위장관 궤양과 출혈 등 중증의 위장관계 이상반응의 발생 위험이 증가될 수 있으며, 신기능이 감소될 수도 있다. 기전 : 두 약물의 병용투여시 NSAIDs 부작용에 대한 상가 또는 상승 작용이 나타날 수 있다. 처치 : 두 약물은 병용투여하지 않는다. 다만, 국내 병용금기 약물이 아닌 경우 부득이하게 병용투여를 피할 수 없다면, 환자의 임상상태를 주의깊게 모니터링 하여야 하며, 약물의 독성이 나타나면 투여를 중지하는 등 적절한 조치를 취한다."
A11A0500A0131,all,Ibuprofen,Isopropylantipyrine,"NSAIDs/NSAIDs 임상효과 : 두 약물의 병용투여시 위장관 궤양과 출혈 등 중증의 위장관계 이상반응의 발생 위험이 증가될 수 있으며, 신기능이 감소될 수도 있다. 기전 : 두 약물의 병용투여시 NSAIDs 부작용에 대한 상가 또는 상승 작용이 나타날 수 있다. 처치 : 두 약물은 병용투여하지 않는다. 다만, 국내 병용금기 약물이 아닌 경우 부득이하게 병용투여를 피할 수 없다면, 환자의 임상상태를 주의깊게 모니터링 하여야 하며, 약물의 독성이 나타나면 투여를 중지하는 등 적절한 조치를 취한다."
A11A0500A0131,all,Ibuprofen,Ketoprofen,"NSAIDs/NSAIDs 임상효과 : 두 약물의 병용투여시 위장관 궤양과 출혈 등 중증의 위장관계 이상반응의 발생 위험이 증가될 수 있으며, 신기능이 감소될 수도 있다. 기전 : 두 약물의 병용투여시 NSAIDs 부작용에 대한 상가 또는 상승 작용이 나타날 수 있다. 처치 : 두 약물은 병용투여하지 않는다. 다만, 국내 병용금기 약물이 아닌 경우 부득이하게 병용투여를 피할 수 없다면, 환자의 임상상태를 주의깊게 모니터링 하여야 하며, 약물의 독성이 나타나면 투여를 중지하는 등 적절한 조치를 취한다."
A11A0500A0131,all,Ibuprofen,Ketoprofen Lysinate,"NSAIDs/NSAIDs 임상효과 : 두 약물의 병용투여시 위장관 궤양과 출혈 등 중증의 위장관계 이상반응의 발생 위험이 증가될 수 있으며, 신기능이 감소될 수도 있다. 기전 : 두 약물의 병용투여시 NSAIDs 부작용에 대한 상가 또는 상승 작용이 나타날 수 있다. 처치 : 두 약물은 병용투여하지 않는다. 다만, 국내 병용금기 약물이 아닌 경우 부득이하게 병용투여를 피할 수 없다면, 환자의 임상상태를 주의깊게 모니터링 하여야 하며, 약물의 독성이 나타나면 투여를 중지하는 등 적절한 조치를 취한다."
A11A0500A0131,all,Ibuprofen,Ketorolac,"NSAIDs/NSAIDs 임상효과 : 두 약물의 병용투여시 위장관 궤양과 출혈 등 중증의 위장관계 이상반응의 발생 위험이 증가될 수 있으며, 신기능이 감소될 수도 있다. 기전 : 두 약물의 병용투여시 NSAIDs 부작용에 대한 상가 또는 상승 작용이 나타날 수 있다. 처치 : 두 약물은 병용투여하지 않는다. 다만, 국내 병용금기 약물이 아닌 경우 부득이하게 병용투여를 피할 수 없다면, 환자의 임상상태를 주의깊게 모니터링 하여야 하며, 약물의 독성이 나타나면 투여를 중지하는 등 적절한 조치를 취한다."
A11A0500A0131,all,Ibuprofen,Ketorolac Tromethamine,"NSAIDs/NSAIDs 임상효과 : 두 약물의 병용투여시 위장관 궤양과 출혈 등 중증의 위장관계 이상반응의 발생 위험이 증가될 수 있으며, 신기능이 감소될 수도 있다. 기전 : 두 약물의 병용투여시 NSAIDs 부작용에 대한 상가 또는 상승 작용이 나타날 수 있다. 처치 : 두 약물은 병용투여하지 않는다. 다만, 국내 병용금기 약물이 아닌 경우 부득이하게 병용투여를 피할 수 없다면, 환자의 임상상태를 주의깊게 모니터링 하여야 하며, 약물의 독성이 나타나면 투여를 중지하는 등 적절한 조치를 취한다."
A11A0500A0131,all,Ibuprofen,Levofloxacin Hemihydrate,"NSAIDs/Quinolones 임상효과 : 두 약물의 병용투여시 드물게 경련이 나타날 위험성이 있다. 처치 : 두 약물은 병용투여하지 않는다. 다만, 국내 병용금기 약물이 아닌 경우 부득이하게 병용투여를 피할 수 없다면, 환자의 임상상태를 주의깊게 모니터링 하여야 하고, 신중히 투여해야 한다. 두 약물의 병용에 의해 경련이 나타나는 경우에는 투여를 중지하고 기도확보, 항전간제 투여 등의 적절한 처치를 한다."
A11A0500A0131,all,Ibuprofen,Levofloxacin Hydrate,"NSAIDs/Quinolones 임상효과 : 두 약물의 병용투여시 드물게 경련이 나타날 위험성이 있다. 처치 : 두 약물은 병용투여하지 않는다. 다만, 국내 병용금기 약물이 아닌 경우 부득이하게 병용투여를 피할 수 없다면, 환자의 임상상태를 주의깊게 모니터링 하여야 하고, 신중히 투여해야 한다. 두 약물의 병용에 의해 경련이 나타나는 경우에는 투여를 중지하고 기도확보, 항전간제 투여 등의 적절한 처치를 한다."
A11A0500A0131,all,Ibuprofen,Lonazolac Calcium,"NSAIDs/NSAIDs 임상효과 : 두 약물의 병용투여시 위장관 궤양과 출혈 등 중증의 위장관계 이상반응의 발생 위험이 증가될 수 있으며, 신기능이 감소될 수도 있다. 기전 : 두 약물의 병용투여시 NSAIDs 부작용에 대한 상가 또는 상승 작용이 나타날 수 있다. 처치 : 두 약물은 병용투여하지 않는다. 다만, 국내 병용금기 약물이 아닌 경우 부득이하게 병용투여를 피할 수 없다면, 환자의 임상상태를 주의깊게 모니터링 하여야 하며, 약물의 독성이 나타나면 투여를 중지하는 등 적절한 조치를 취한다."
A11A0500A0131,all,Ibuprofen,Lornoxicam,"NSAIDs/NSAIDs 임상효과 : 두 약물의 병용투여시 위장관 궤양과 출혈 등 중증의 위장관계 이상반응의 발생 위험이 증가될 수 있으며, 신기능이 감소될 수도 있다. 기전 : 두 약물의 병용투여시 NSAIDs 부작용에 대한 상가 또는 상승 작용이 나타날 수 있다. 처치 : 두 약물은 병용투여하지 않는다. 다만, 국내 병용금기 약물이 아닌 경우 부득이하게 병용투여를 피할 수 없다면, 환자의 임상상태를 주의깊게 모니터링 하여야 하며, 약물의 독성이 나타나면 투여를 중지하는 등 적절한 조치를 취한다."
A11A0500A0131,all,Ibuprofen,Loxoprofen,"NSAIDs/NSAIDs 임상효과 : 두 약물의 병용투여시 위장관 궤양과 출혈 등 중증의 위장관계 이상반응의 발생 위험이 증가될 수 있으며, 신기능이 감소될 수도 있다. 기전 : 두 약물의 병용투여시 NSAIDs 부작용에 대한 상가 또는 상승 작용이 나타날 수 있다. 처치 : 두 약물은 병용투여하지 않는다. 다만, 국내 병용금기 약물이 아닌 경우 부득이하게 병용투여를 피할 수 없다면, 환자의 임상상태를 주의깊게 모니터링 하여야 하며, 약물의 독성이 나타나면 투여를 중지하는 등 적절한 조치를 취한다."
A11A0500A0131,all,Ibuprofen,Loxoprofen Sodium Hydrate,"NSAIDs/NSAIDs 임상효과 : 두 약물의 병용투여시 위장관 궤양과 출혈 등 중증의 위장관계 이상반응의 발생 위험이 증가될 수 있으며, 신기능이 감소될 수도 있다. 기전 : 두 약물의 병용투여시 NSAIDs 부작용에 대한 상가 또는 상승 작용이 나타날 수 있다. 처치 : 두 약물은 병용투여하지 않는다. 다만, 국내 병용금기 약물이 아닌 경우 부득이하게 병용투여를 피할 수 없다면, 환자의 임상상태를 주의깊게 모니터링 하여야 하며, 약물의 독성이 나타나면 투여를 중지하는 등 적절한 조치를 취한다."
A11A0500A0131,all,Ibuprofen,Meclofenamate Sodium Hydrate,"NSAIDs/NSAIDs 임상효과 : 두 약물의 병용투여시 위장관 궤양과 출혈 등 중증의 위장관계 이상반응의 발생 위험이 증가될 수 있으며, 신기능이 감소될 수도 있다. 기전 : 두 약물의 병용투여시 NSAIDs 부작용에 대한 상가 또는 상승 작용이 나타날 수 있다. 처치 : 두 약물은 병용투여하지 않는다. 다만, 국내 병용금기 약물이 아닌 경우 부득이하게 병용투여를 피할 수 없다면, 환자의 임상상태를 주의깊게 모니터링 하여야 하며, 약물의 독성이 나타나면 투여를 중지하는 등 적절한 조치를 취한다."
A11A0500A0131,all,Ibuprofen,Mefenamic Acid,"NSAIDs/NSAIDs 임상효과 : 두 약물의 병용투여시 위장관 궤양과 출혈 등 중증의 위장관계 이상반응의 발생 위험이 증가될 수 있으며, 신기능이 감소될 수도 있다. 기전 : 두 약물의 병용투여시 NSAIDs 부작용에 대한 상가 또는 상승 작용이 나타날 수 있다. 처치 : 두 약물은 병용투여하지 않는다. 다만, 국내 병용금기 약물이 아닌 경우 부득이하게 병용투여를 피할 수 없다면, 환자의 임상상태를 주의깊게 모니터링 하여야 하며, 약물의 독성이 나타나면 투여를 중지하는 등 적절한 조치를 취한다."
A11A0500A0131,all,Ibuprofen,Melilot,"NSAIDs/NSAIDs 임상효과 : 두 약물의 병용투여시 위장관 궤양과 출혈 등 중증의 위장관계 이상반응의 발생 위험이 증가될 수 있으며, 신기능이 감소될 수도 있다. 기전 : 두 약물의 병용투여시 NSAIDs 부작용에 대한 상가 또는 상승 작용이 나타날 수 있다. 처치 : 두 약물은 병용투여하지 않는다. 다만, 국내 병용금기 약물이 아닌 경우 부득이하게 병용투여를 피할 수 없다면, 환자의 임상상태를 주의깊게 모니터링 하여야 하며, 약물의 독성이 나타나면 투여를 중지하는 등 적절한 조치를 취한다."
A11A0500A0131,all,Ibuprofen,Meloxicam,"NSAIDs/NSAIDs 임상효과 : 두 약물의 병용투여시 위장관 궤양과 출혈 등 중증의 위장관계 이상반응의 발생 위험이 증가될 수 있으며, 신기능이 감소될 수도 있다. 기전 : 두 약물의 병용투여시 NSAIDs 부작용에 대한 상가 또는 상승 작용이 나타날 수 있다. 처치 : 두 약물은 병용투여하지 않는다. 다만, 국내 병용금기 약물이 아닌 경우 부득이하게 병용투여를 피할 수 없다면, 환자의 임상상태를 주의깊게 모니터링 하여야 하며, 약물의 독성이 나타나면 투여를 중지하는 등 적절한 조치를 취한다."
A11A0500A0131,all,Ibuprofen,Morniflumate,"NSAIDs/NSAIDs 임상효과 : 두 약물의 병용투여시 위장관 궤양과 출혈 등 중증의 위장관계 이상반응의 발생 위험이 증가될 수 있으며, 신기능이 감소될 수도 있다. 기전 : 두 약물의 병용투여시 NSAIDs 부작용에 대한 상가 또는 상승 작용이 나타날 수 있다. 처치 : 두 약물은 병용투여하지 않는다. 다만, 국내 병용금기 약물이 아닌 경우 부득이하게 병용투여를 피할 수 없다면, 환자의 임상상태를 주의깊게 모니터링 하여야 하며, 약물의 독성이 나타나면 투여를 중지하는 등 적절한 조치를 취한다."
A11A0500A0131,all,Ibuprofen,Nabumetone,"NSAIDs/NSAIDs 임상효과 : 두 약물의 병용투여시 위장관 궤양과 출혈 등 중증의 위장관계 이상반응의 발생 위험이 증가될 수 있으며, 신기능이 감소될 수도 있다. 기전 : 두 약물의 병용투여시 NSAIDs 부작용에 대한 상가 또는 상승 작용이 나타날 수 있다. 처치 : 두 약물은 병용투여하지 않는다. 다만, 국내 병용금기 약물이 아닌 경우 부득이하게 병용투여를 피할 수 없다면, 환자의 임상상태를 주의깊게 모니터링 하여야 하며, 약물의 독성이 나타나면 투여를 중지하는 등 적절한 조치를 취한다."
A11A0500A0131,all,Ibuprofen,Naproxen,"NSAIDs/NSAIDs 임상효과 : 두 약물의 병용투여시 위장관 궤양과 출혈 등 중증의 위장관계 이상반응의 발생 위험이 증가될 수 있으며, 신기능이 감소될 수도 있다. 기전 : 두 약물의 병용투여시 NSAIDs 부작용에 대한 상가 또는 상승 작용이 나타날 수 있다. 처치 : 두 약물은 병용투여하지 않는다. 다만, 국내 병용금기 약물이 아닌 경우 부득이하게 병용투여를 피할 수 없다면, 환자의 임상상태를 주의깊게 모니터링 하여야 하며, 약물의 독성이 나타나면 투여를 중지하는 등 적절한 조치를 취한다."
A11A0500A0131,all,Ibuprofen,Naproxen Sodium,"NSAIDs/NSAIDs 임상효과 : 두 약물의 병용투여시 위장관 궤양과 출혈 등 중증의 위장관계 이상반응의 발생 위험이 증가될 수 있으며, 신기능이 감소될 수도 있다. 기전 : 두 약물의 병용투여시 NSAIDs 부작용에 대한 상가 또는 상승 작용이 나타날 수 있다. 처치 : 두 약물은 병용투여하지 않는다. 다만, 국내 병용금기 약물이 아닌 경우 부득이하게 병용투여를 피할 수 없다면, 환자의 임상상태를 주의깊게 모니터링 하여야 하며, 약물의 독성이 나타나면 투여를 중지하는 등 적절한 조치를 취한다."
A11A0500A0131,all,Ibuprofen,Nimesulide,"NSAIDs/NSAIDs 임상효과 : 두 약물의 병용투여시 위장관 궤양과 출혈 등 중증의 위장관계 이상반응의 발생 위험이 증가될 수 있으며, 신기능이 감소될 수도 있다. 기전 : 두 약물의 병용투여시 NSAIDs 부작용에 대한 상가 또는 상승 작용이 나타날 수 있다. 처치 : 두 약물은 병용투여하지 않는다. 다만, 국내 병용금기 약물이 아닌 경우 부득이하게 병용투여를 피할 수 없다면, 환자의 임상상태를 주의깊게 모니터링 하여야 하며, 약물의 독성이 나타나면 투여를 중지하는 등 적절한 조치를 취한다."
A11A0500A0131,all,Ibuprofen,Nizatidine,NSAIDs/Histamine H₂ Antagonists 임상효과 : 두 약물의 병용투여시 NSAIDs(비스테로이드성 항염증제)의 치료작용이 변화될 수 있다. 기전 : 정확한 상호작용 기전은 밝혀지지 않았다. 처치 : 두 약물의 병용투여시 특별한 임상적 간섭은 필요하지 않다.
A11A0500A0131,all,Ibuprofen,Norfloxacin,"NSAIDs/Quinolones 임상효과 : 두 약물의 병용투여시 드물게 경련이 나타날 위험성이 있다. 처치 : 두 약물은 병용투여하지 않는다. 다만, 국내 병용금기 약물이 아닌 경우 부득이하게 병용투여를 피할 수 없다면, 환자의 임상상태를 주의깊게 모니터링 하여야 하고, 신중히 투여해야 한다. 두 약물의 병용에 의해 경련이 나타나는 경우에는 투여를 중지하고 기도확보, 항전간제 투여 등의 적절한 처치를 한다."
A11A0500A0131,all,Ibuprofen,Ofloxacin,"NSAIDs/Quinolones 임상효과 : 두 약물의 병용투여시 드물게 경련이 나타날 위험성이 있다. 처치 : 두 약물은 병용투여하지 않는다. 다만, 국내 병용금기 약물이 아닌 경우 부득이하게 병용투여를 피할 수 없다면, 환자의 임상상태를 주의깊게 모니터링 하여야 하고, 신중히 투여해야 한다. 두 약물의 병용에 의해 경련이 나타나는 경우에는 투여를 중지하고 기도확보, 항전간제 투여 등의 적절한 처치를 한다."
A11A0500A0131,all,Ibuprofen,Oxaprozin,"NSAIDs/NSAIDs 임상효과 : 두 약물의 병용투여시 위장관 궤양과 출혈 등 중증의 위장관계 이상반응의 발생 위험이 증가될 수 있으며, 신기능이 감소될 수도 있다. 기전 : 두 약물의 병용투여시 NSAIDs 부작용에 대한 상가 또는 상승 작용이 나타날 수 있다. 처치 : 두 약물은 병용투여하지 않는다. 다만, 국내 병용금기 약물이 아닌 경우 부득이하게 병용투여를 피할 수 없다면, 환자의 임상상태를 주의깊게 모니터링 하여야 하며, 약물의 독성이 나타나면 투여를 중지하는 등 적절한 조치를 취한다."
A11A0500A0131,all,Ibuprofen,Pamidronate Disodium Hydrate,"NSAIDs/Bisphosphonates 임상효과 : 두 약물의 병용투여시 위궤양의 위험이 증가할 수 있다. 기전 : 두 약물은 위궤양을 유발하는 데 있어 상승적인 작용을 할 수 있다. 처치 : 두 약물의 병용투여시에는 관찰을 충분히 하고, 신중히 투여해야 한다. 환자에게 위장관계 부작용, 특히 위궤양이 발생하는지를 주의깊게 모니터링해야 한다."
A11A0500A0131,all,Ibuprofen,Pamidronic Acid,"NSAIDs/Bisphosphonates 임상효과 : 두 약물의 병용투여시 위궤양의 위험이 증가할 수 있다. 기전 : 두 약물은 위궤양을 유발하는 데 있어 상승적인 작용을 할 수 있다. 처치 : 두 약물의 병용투여시에는 관찰을 충분히 하고, 신중히 투여해야 한다. 환자에게 위장관계 부작용, 특히 위궤양이 발생하는지를 주의깊게 모니터링해야 한다."
A11A0500A0131,all,Ibuprofen,Paroxetine,"NSAIDs/Serotonin Reuptake Inhibitors 임상효과 : 두 약물의 병용투여시 상부위장관의 출혈 위험이 증가할 수 있다. 기전 : 정확한 상호작용 기전은 밝혀지지 않았다. 처치 : 두 약물의 병용투여는 피하는 것이 바람직하다. 부득이하게 두 약물의 병용을 피할 수 없다면, NSAIDs(비스테로이드성 항염증제)의 치료기간을 더 짧게 하거나 용량을 감소시키거나 혹은 NSAIDs를 아세트아미노펜(Acetaminophen)으로 선택적 세로토닌 재흡수 차단제(SSRIs)를 삼환계 항우울제(TCAs)로 대체해야 한다. 만약 위장관 관련 부작용이 나타난다면, 수소펌프 저해제(Proton pump inhibitor)과 같은 중재적 치료를 고려하거나 SSRIs나 NSAIDs의 복용을 중단하고 대체요법을 사용해야 한다."
A11A0500A0131,all,Ibuprofen,Paroxetine Hydrochloride Anhydrous,"NSAIDs/Serotonin Reuptake Inhibitors 임상효과 : 두 약물의 병용투여시 상부위장관의 출혈 위험이 증가할 수 있다. 기전 : 정확한 상호작용 기전은 밝혀지지 않았다. 처치 : 두 약물의 병용투여는 피하는 것이 바람직하다. 부득이하게 두 약물의 병용을 피할 수 없다면, NSAIDs(비스테로이드성 항염증제)의 치료기간을 더 짧게 하거나 용량을 감소시키거나 혹은 NSAIDs를 아세트아미노펜(Acetaminophen)으로 선택적 세로토닌 재흡수 차단제(SSRIs)를 삼환계 항우울제(TCAs)로 대체해야 한다. 만약 위장관 관련 부작용이 나타난다면, 수소펌프 저해제(Proton pump inhibitor)과 같은 중재적 치료를 고려하거나 SSRIs나 NSAIDs의 복용을 중단하고 대체요법을 사용해야 한다."
A11A0500A0131,all,Ibuprofen,Paroxetine Hydrochloride Hydrate,"NSAIDs/Serotonin Reuptake Inhibitors 임상효과 : 두 약물의 병용투여시 상부위장관의 출혈 위험이 증가할 수 있다. 기전 : 정확한 상호작용 기전은 밝혀지지 않았다. 처치 : 두 약물의 병용투여는 피하는 것이 바람직하다. 부득이하게 두 약물의 병용을 피할 수 없다면, NSAIDs(비스테로이드성 항염증제)의 치료기간을 더 짧게 하거나 용량을 감소시키거나 혹은 NSAIDs를 아세트아미노펜(Acetaminophen)으로 선택적 세로토닌 재흡수 차단제(SSRIs)를 삼환계 항우울제(TCAs)로 대체해야 한다. 만약 위장관 관련 부작용이 나타난다면, 수소펌프 저해제(Proton pump inhibitor)과 같은 중재적 치료를 고려하거나 SSRIs나 NSAIDs의 복용을 중단하고 대체요법을 사용해야 한다."
A11A0500A0131,all,Ibuprofen,Paroxetine Mesilate,"NSAIDs/Serotonin Reuptake Inhibitors 임상효과 : 두 약물의 병용투여시 상부위장관의 출혈 위험이 증가할 수 있다. 기전 : 정확한 상호작용 기전은 밝혀지지 않았다. 처치 : 두 약물의 병용투여는 피하는 것이 바람직하다. 부득이하게 두 약물의 병용을 피할 수 없다면, NSAIDs(비스테로이드성 항염증제)의 치료기간을 더 짧게 하거나 용량을 감소시키거나 혹은 NSAIDs를 아세트아미노펜(Acetaminophen)으로 선택적 세로토닌 재흡수 차단제(SSRIs)를 삼환계 항우울제(TCAs)로 대체해야 한다. 만약 위장관 관련 부작용이 나타난다면, 수소펌프 저해제(Proton pump inhibitor)과 같은 중재적 치료를 고려하거나 SSRIs나 NSAIDs의 복용을 중단하고 대체요법을 사용해야 한다."
A11A0500A0131,all,Ibuprofen,Pelubiprofen,"NSAIDs/NSAIDs 임상효과 : 두 약물의 병용투여시 위장관 궤양과 출혈 등 중증의 위장관계 이상반응의 발생 위험이 증가될 수 있으며, 신기능이 감소될 수도 있다. 기전 : 두 약물의 병용투여시 NSAIDs 부작용에 대한 상가 또는 상승 작용이 나타날 수 있다. 처치 : 두 약물은 병용투여하지 않는다. 다만, 국내 병용금기 약물이 아닌 경우 부득이하게 병용투여를 피할 수 없다면, 환자의 임상상태를 주의깊게 모니터링 하여야 하며, 약물의 독성이 나타나면 투여를 중지하는 등 적절한 조치를 취한다."
A11A0500A0131,all,Ibuprofen,Piroxicam,"NSAIDs/NSAIDs 임상효과 : 두 약물의 병용투여시 위장관 궤양과 출혈 등 중증의 위장관계 이상반응의 발생 위험이 증가될 수 있으며, 신기능이 감소될 수도 있다. 기전 : 두 약물의 병용투여시 NSAIDs 부작용에 대한 상가 또는 상승 작용이 나타날 수 있다. 처치 : 두 약물은 병용투여하지 않는다. 다만, 국내 병용금기 약물이 아닌 경우 부득이하게 병용투여를 피할 수 없다면, 환자의 임상상태를 주의깊게 모니터링 하여야 하며, 약물의 독성이 나타나면 투여를 중지하는 등 적절한 조치를 취한다."
A11A0500A0131,all,Ibuprofen,Piroxicam Betadex,"NSAIDs/NSAIDs 임상효과 : 두 약물의 병용투여시 위장관 궤양과 출혈 등 중증의 위장관계 이상반응의 발생 위험이 증가될 수 있으며, 신기능이 감소될 수도 있다. 기전 : 두 약물의 병용투여시 NSAIDs 부작용에 대한 상가 또는 상승 작용이 나타날 수 있다. 처치 : 두 약물은 병용투여하지 않는다. 다만, 국내 병용금기 약물이 아닌 경우 부득이하게 병용투여를 피할 수 없다면, 환자의 임상상태를 주의깊게 모니터링 하여야 하며, 약물의 독성이 나타나면 투여를 중지하는 등 적절한 조치를 취한다."
A11A0500A0131,all,Ibuprofen,Piroxicam Potassium,"NSAIDs/NSAIDs 임상효과 : 두 약물의 병용투여시 위장관 궤양과 출혈 등 중증의 위장관계 이상반응의 발생 위험이 증가될 수 있으며, 신기능이 감소될 수도 있다. 기전 : 두 약물의 병용투여시 NSAIDs 부작용에 대한 상가 또는 상승 작용이 나타날 수 있다. 처치 : 두 약물은 병용투여하지 않는다. 다만, 국내 병용금기 약물이 아닌 경우 부득이하게 병용투여를 피할 수 없다면, 환자의 임상상태를 주의깊게 모니터링 하여야 하며, 약물의 독성이 나타나면 투여를 중지하는 등 적절한 조치를 취한다."
A11A0500A0131,all,Ibuprofen,Pranoprofen,"NSAIDs/NSAIDs 임상효과 : 두 약물의 병용투여시 위장관 궤양과 출혈 등 중증의 위장관계 이상반응의 발생 위험이 증가될 수 있으며, 신기능이 감소될 수도 있다. 기전 : 두 약물의 병용투여시 NSAIDs 부작용에 대한 상가 또는 상승 작용이 나타날 수 있다. 처치 : 두 약물은 병용투여하지 않는다. 다만, 국내 병용금기 약물이 아닌 경우 부득이하게 병용투여를 피할 수 없다면, 환자의 임상상태를 주의깊게 모니터링 하여야 하며, 약물의 독성이 나타나면 투여를 중지하는 등 적절한 조치를 취한다."
A11A0500A0131,all,Ibuprofen,Probenecid,"NSAIDs/Antigout Agents(Probenecid) 임상효과 : 두 약물의 병용투여시 NSAIDs(비스테로이드성 항염증제)의 작용 및 독성이 증강될 수 있다. 기전 : 프로베네시드는 신뇨세관의 배설부위에 경쟁하여 신장 및 답즙 경로를 통한 NSAIDs의 혈장청소율을 감소시킬 수 있다. 처치 : 두 약물의 병용투여시 즉각적인 간섭은 필요하지 않다. 다만 병용투여로 인해 독성이 발생할 시에는, 그에따라 약물의 용량을 조절해야 한다."
A11A0500A0131,all,Ibuprofen,Proglumetacin Dimaleate,"NSAIDs/NSAIDs 임상효과 : 두 약물의 병용투여시 위장관 궤양과 출혈 등 중증의 위장관계 이상반응의 발생 위험이 증가될 수 있으며, 신기능이 감소될 수도 있다. 기전 : 두 약물의 병용투여시 NSAIDs 부작용에 대한 상가 또는 상승 작용이 나타날 수 있다. 처치 : 두 약물은 병용투여하지 않는다. 다만, 국내 병용금기 약물이 아닌 경우 부득이하게 병용투여를 피할 수 없다면, 환자의 임상상태를 주의깊게 모니터링 하여야 하며, 약물의 독성이 나타나면 투여를 중지하는 등 적절한 조치를 취한다."
A11A0500A0131,all,Ibuprofen,Pyrazinobutazone,"NSAIDs/NSAIDs 임상효과 : 두 약물의 병용투여시 위장관 궤양과 출혈 등 중증의 위장관계 이상반응의 발생 위험이 증가될 수 있으며, 신기능이 감소될 수도 있다. 기전 : 두 약물의 병용투여시 NSAIDs 부작용에 대한 상가 또는 상승 작용이 나타날 수 있다. 처치 : 두 약물은 병용투여하지 않는다. 다만, 국내 병용금기 약물이 아닌 경우 부득이하게 병용투여를 피할 수 없다면, 환자의 임상상태를 주의깊게 모니터링 하여야 하며, 약물의 독성이 나타나면 투여를 중지하는 등 적절한 조치를 취한다."
A11A0500A0131,all,Ibuprofen,Ranitidine,NSAIDs/Histamine H₂ Antagonists 임상효과 : 두 약물의 병용투여시 NSAIDs(비스테로이드성 항염증제)의 치료작용이 변화될 수 있다. 기전 : 정확한 상호작용 기전은 밝혀지지 않았다. 처치 : 두 약물의 병용투여시 특별한 임상적 간섭은 필요하지 않다.
A11A0500A0131,all,Ibuprofen,Ranitidine Bismuth Citrate,NSAIDs/Histamine H₂ Antagonists 임상효과 : 두 약물의 병용투여시 NSAIDs(비스테로이드성 항염증제)의 치료작용이 변화될 수 있다. 기전 : 정확한 상호작용 기전은 밝혀지지 않았다. 처치 : 두 약물의 병용투여시 특별한 임상적 간섭은 필요하지 않다.
A11A0500A0131,all,Ibuprofen,Ranitidine Hydrochloride,NSAIDs/Histamine H₂ Antagonists 임상효과 : 두 약물의 병용투여시 NSAIDs(비스테로이드성 항염증제)의 치료작용이 변화될 수 있다. 기전 : 정확한 상호작용 기전은 밝혀지지 않았다. 처치 : 두 약물의 병용투여시 특별한 임상적 간섭은 필요하지 않다.
A11A0500A0131,all,Ibuprofen,Risedronate Sodium,"NSAIDs/Bisphosphonates 임상효과 : 두 약물의 병용투여시 위궤양의 위험이 증가할 수 있다. 기전 : 두 약물은 위궤양을 유발하는 데 있어 상승적인 작용을 할 수 있다. 처치 : 두 약물의 병용투여시에는 관찰을 충분히 하고, 신중히 투여해야 한다. 환자에게 위장관계 부작용, 특히 위궤양이 발생하는지를 주의깊게 모니터링해야 한다."
A11A0500A0131,all,Ibuprofen,Risedronic Acid,"NSAIDs/Bisphosphonates 임상효과 : 두 약물의 병용투여시 위궤양의 위험이 증가할 수 있다. 기전 : 두 약물은 위궤양을 유발하는 데 있어 상승적인 작용을 할 수 있다. 처치 : 두 약물의 병용투여시에는 관찰을 충분히 하고, 신중히 투여해야 한다. 환자에게 위장관계 부작용, 특히 위궤양이 발생하는지를 주의깊게 모니터링해야 한다."
A11A0500A0131,all,Ibuprofen,Salsalate,"NSAIDs/NSAIDs 임상효과 : 두 약물의 병용투여시 위장관 궤양과 출혈 등 중증의 위장관계 이상반응의 발생 위험이 증가될 수 있으며, 신기능이 감소될 수도 있다. 기전 : 두 약물의 병용투여시 NSAIDs 부작용에 대한 상가 또는 상승 작용이 나타날 수 있다. 처치 : 두 약물은 병용투여하지 않는다. 다만, 국내 병용금기 약물이 아닌 경우 부득이하게 병용투여를 피할 수 없다면, 환자의 임상상태를 주의깊게 모니터링 하여야 하며, 약물의 독성이 나타나면 투여를 중지하는 등 적절한 조치를 취한다."
A11A0500A0131,all,Ibuprofen,Sertraline Hydrochloride,"NSAIDs/Serotonin Reuptake Inhibitors 임상효과 : 두 약물의 병용투여시 상부위장관의 출혈 위험이 증가할 수 있다. 기전 : 정확한 상호작용 기전은 밝혀지지 않았다. 처치 : 두 약물의 병용투여는 피하는 것이 바람직하다. 부득이하게 두 약물의 병용을 피할 수 없다면, NSAIDs(비스테로이드성 항염증제)의 치료기간을 더 짧게 하거나 용량을 감소시키거나 혹은 NSAIDs를 아세트아미노펜(Acetaminophen)으로 선택적 세로토닌 재흡수 차단제(SSRIs)를 삼환계 항우울제(TCAs)로 대체해야 한다. 만약 위장관 관련 부작용이 나타난다면, 수소펌프 저해제(Proton pump inhibitor)과 같은 중재적 치료를 고려하거나 SSRIs나 NSAIDs의 복용을 중단하고 대체요법을 사용해야 한다."
A11A0500A0131,all,Ibuprofen,Sodium Alendronate Hydrate,"NSAIDs/Bisphosphonates 임상효과 : 두 약물의 병용투여시 위궤양의 위험이 증가할 수 있다. 기전 : 두 약물은 위궤양을 유발하는 데 있어 상승적인 작용을 할 수 있다. 처치 : 두 약물의 병용투여시에는 관찰을 충분히 하고, 신중히 투여해야 한다. 환자에게 위장관계 부작용, 특히 위궤양이 발생하는지를 주의깊게 모니터링해야 한다."
A11A0500A0131,all,Ibuprofen,Sparfloxacin,"NSAIDs/Quinolones 임상효과 : 두 약물의 병용투여시 드물게 경련이 나타날 위험성이 있다. 처치 : 두 약물은 병용투여하지 않는다. 다만, 국내 병용금기 약물이 아닌 경우 부득이하게 병용투여를 피할 수 없다면, 환자의 임상상태를 주의깊게 모니터링 하여야 하고, 신중히 투여해야 한다. 두 약물의 병용에 의해 경련이 나타나는 경우에는 투여를 중지하고 기도확보, 항전간제 투여 등의 적절한 처치를 한다."
A11A0500A0131,all,Ibuprofen,St. John's wort,NSAIDs(Ibuprofen)/St. John's Wort 임상효과 : 두 약물의 병용투여시 이부프로펜의 평균 잔류시간이 감소할 수 있다. 기전 : 정확한 상호작용 기전은 밝혀지지 않았다. 처치 : 두 약물의 병용투여시 특별한 주의사항은 필요하지 않다.
A11A0500A0131,all,Ibuprofen,Sulindac,"NSAIDs/NSAIDs 임상효과 : 두 약물의 병용투여시 위장관 궤양과 출혈 등 중증의 위장관계 이상반응의 발생 위험이 증가될 수 있으며, 신기능이 감소될 수도 있다. 기전 : 두 약물의 병용투여시 NSAIDs 부작용에 대한 상가 또는 상승 작용이 나타날 수 있다. 처치 : 두 약물은 병용투여하지 않는다. 다만, 국내 병용금기 약물이 아닌 경우 부득이하게 병용투여를 피할 수 없다면, 환자의 임상상태를 주의깊게 모니터링 하여야 하며, 약물의 독성이 나타나면 투여를 중지하는 등 적절한 조치를 취한다."
A11A0500A0131,all,Ibuprofen,Sulpyrine,"NSAIDs/NSAIDs 임상효과 : 두 약물의 병용투여시 위장관 궤양과 출혈 등 중증의 위장관계 이상반응의 발생 위험이 증가될 수 있으며, 신기능이 감소될 수도 있다. 기전 : 두 약물의 병용투여시 NSAIDs 부작용에 대한 상가 또는 상승 작용이 나타날 수 있다. 처치 : 두 약물은 병용투여하지 않는다. 다만, 국내 병용금기 약물이 아닌 경우 부득이하게 병용투여를 피할 수 없다면, 환자의 임상상태를 주의깊게 모니터링 하여야 하며, 약물의 독성이 나타나면 투여를 중지하는 등 적절한 조치를 취한다."
A11A0500A0131,all,Ibuprofen,Sulpyrine Calcium,"NSAIDs/NSAIDs 임상효과 : 두 약물의 병용투여시 위장관 궤양과 출혈 등 중증의 위장관계 이상반응의 발생 위험이 증가될 수 있으며, 신기능이 감소될 수도 있다. 기전 : 두 약물의 병용투여시 NSAIDs 부작용에 대한 상가 또는 상승 작용이 나타날 수 있다. 처치 : 두 약물은 병용투여하지 않는다. 다만, 국내 병용금기 약물이 아닌 경우 부득이하게 병용투여를 피할 수 없다면, 환자의 임상상태를 주의깊게 모니터링 하여야 하며, 약물의 독성이 나타나면 투여를 중지하는 등 적절한 조치를 취한다."
A11A0500A0131,all,Ibuprofen,Talniflumate,"NSAIDs/NSAIDs 임상효과 : 두 약물의 병용투여시 위장관 궤양과 출혈 등 중증의 위장관계 이상반응의 발생 위험이 증가될 수 있으며, 신기능이 감소될 수도 있다. 기전 : 두 약물의 병용투여시 NSAIDs 부작용에 대한 상가 또는 상승 작용이 나타날 수 있다. 처치 : 두 약물은 병용투여하지 않는다. 다만, 국내 병용금기 약물이 아닌 경우 부득이하게 병용투여를 피할 수 없다면, 환자의 임상상태를 주의깊게 모니터링 하여야 하며, 약물의 독성이 나타나면 투여를 중지하는 등 적절한 조치를 취한다."
A11A0500A0131,all,Ibuprofen,Tenoxicam,"NSAIDs/NSAIDs 임상효과 : 두 약물의 병용투여시 위장관 궤양과 출혈 등 중증의 위장관계 이상반응의 발생 위험이 증가될 수 있으며, 신기능이 감소될 수도 있다. 기전 : 두 약물의 병용투여시 NSAIDs 부작용에 대한 상가 또는 상승 작용이 나타날 수 있다. 처치 : 두 약물은 병용투여하지 않는다. 다만, 국내 병용금기 약물이 아닌 경우 부득이하게 병용투여를 피할 수 없다면, 환자의 임상상태를 주의깊게 모니터링 하여야 하며, 약물의 독성이 나타나면 투여를 중지하는 등 적절한 조치를 취한다."
A11A0500A0131,all,Ibuprofen,Tiaprofenic Acid,"NSAIDs/NSAIDs 임상효과 : 두 약물의 병용투여시 위장관 궤양과 출혈 등 중증의 위장관계 이상반응의 발생 위험이 증가될 수 있으며, 신기능이 감소될 수도 있다. 기전 : 두 약물의 병용투여시 NSAIDs 부작용에 대한 상가 또는 상승 작용이 나타날 수 있다. 처치 : 두 약물은 병용투여하지 않는다. 다만, 국내 병용금기 약물이 아닌 경우 부득이하게 병용투여를 피할 수 없다면, 환자의 임상상태를 주의깊게 모니터링 하여야 하며, 약물의 독성이 나타나면 투여를 중지하는 등 적절한 조치를 취한다."
A11A0500A0131,all,Ibuprofen,Tiludronate Sodium,"NSAIDs/Bisphosphonates 임상효과 : 두 약물의 병용투여시 위궤양의 위험이 증가할 수 있다. 기전 : 두 약물은 위궤양을 유발하는 데 있어 상승적인 작용을 할 수 있다. 처치 : 두 약물의 병용투여시에는 관찰을 충분히 하고, 신중히 투여해야 한다. 환자에게 위장관계 부작용, 특히 위궤양이 발생하는지를 주의깊게 모니터링해야 한다."
A11A0500A0131,all,Ibuprofen,Tolfenamic Acid,"NSAIDs/NSAIDs 임상효과 : 두 약물의 병용투여시 위장관 궤양과 출혈 등 중증의 위장관계 이상반응의 발생 위험이 증가될 수 있으며, 신기능이 감소될 수도 있다. 기전 : 두 약물의 병용투여시 NSAIDs 부작용에 대한 상가 또는 상승 작용이 나타날 수 있다. 처치 : 두 약물은 병용투여하지 않는다. 다만, 국내 병용금기 약물이 아닌 경우 부득이하게 병용투여를 피할 수 없다면, 환자의 임상상태를 주의깊게 모니터링 하여야 하며, 약물의 독성이 나타나면 투여를 중지하는 등 적절한 조치를 취한다."
A11A0500A0131,all,Ibuprofen,Tolmetin Sodium Hydrate,"NSAIDs/NSAIDs 임상효과 : 두 약물의 병용투여시 위장관 궤양과 출혈 등 중증의 위장관계 이상반응의 발생 위험이 증가될 수 있으며, 신기능이 감소될 수도 있다. 기전 : 두 약물의 병용투여시 NSAIDs 부작용에 대한 상가 또는 상승 작용이 나타날 수 있다. 처치 : 두 약물은 병용투여하지 않는다. 다만, 국내 병용금기 약물이 아닌 경우 부득이하게 병용투여를 피할 수 없다면, 환자의 임상상태를 주의깊게 모니터링 하여야 하며, 약물의 독성이 나타나면 투여를 중지하는 등 적절한 조치를 취한다."
A11A0500A0131,all,Ibuprofen,Tosufloxacine Tosilate Hydrate,"NSAIDs/Quinolones 임상효과 : 두 약물의 병용투여시 드물게 경련이 나타날 위험성이 있다. 처치 : 두 약물은 병용투여하지 않는다. 다만, 국내 병용금기 약물이 아닌 경우 부득이하게 병용투여를 피할 수 없다면, 환자의 임상상태를 주의깊게 모니터링 하여야 하고, 신중히 투여해야 한다. 두 약물의 병용에 의해 경련이 나타나는 경우에는 투여를 중지하고 기도확보, 항전간제 투여 등의 적절한 처치를 한다."
A11A0500A0131,all,Ibuprofen,Trometamol Tiaprofenate,"NSAIDs/NSAIDs 임상효과 : 두 약물의 병용투여시 위장관 궤양과 출혈 등 중증의 위장관계 이상반응의 발생 위험이 증가될 수 있으며, 신기능이 감소될 수도 있다. 기전 : 두 약물의 병용투여시 NSAIDs 부작용에 대한 상가 또는 상승 작용이 나타날 수 있다. 처치 : 두 약물은 병용투여하지 않는다. 다만, 국내 병용금기 약물이 아닌 경우 부득이하게 병용투여를 피할 수 없다면, 환자의 임상상태를 주의깊게 모니터링 하여야 하며, 약물의 독성이 나타나면 투여를 중지하는 등 적절한 조치를 취한다."
A11A0500A0131,all,Ibuprofen,Voriconazole,NSAIDs/Azole Antifungal Agents 임상효과 : 두 약물의 병용투여시 NSAIDs(비스테로이드성 항염증제)의 혈장농도가 상승하여 이 약물의 약리학적 효과 및 부작용의 위험이 증가할 수 있다. 기전 : CYP2C9에 의해 대사되는 NSAIDs와 CYP2C9 저해작용을 가진 아졸계 항진균제의 병용투여시 NSAIDs의 대사 및 배설이 저해되어 이 약물의 혈장농도와 활성이 증가될 수 있다. 처치 : 두 약물의 병용투여시에는 환자에게 NSAIDs의 부작용이 나타나는지 관찰해야 하고 필요시 NSAID의 용량을 조절한다.
A11A0500A0131,all,Ibuprofen,Zaltoprofen,"NSAIDs/NSAIDs 임상효과 : 두 약물의 병용투여시 위장관 궤양과 출혈 등 중증의 위장관계 이상반응의 발생 위험이 증가될 수 있으며, 신기능이 감소될 수도 있다. 기전 : 두 약물의 병용투여시 NSAIDs 부작용에 대한 상가 또는 상승 작용이 나타날 수 있다. 처치 : 두 약물은 병용투여하지 않는다. 다만, 국내 병용금기 약물이 아닌 경우 부득이하게 병용투여를 피할 수 없다면, 환자의 임상상태를 주의깊게 모니터링 하여야 하며, 약물의 독성이 나타나면 투여를 중지하는 등 적절한 조치를 취한다."
A11A0500A0131,all,Ibuprofen Arginine,Ibuprofen,"NSAIDs/NSAIDs 임상효과 : 두 약물의 병용투여시 위장관 궤양과 출혈 등 중증의 위장관계 이상반응의 발생 위험이 증가될 수 있으며, 신기능이 감소될 수도 있다. 기전 : 두 약물의 병용투여시 NSAIDs 부작용에 대한 상가 또는 상승 작용이 나타날 수 있다. 처치 : 두 약물은 병용투여하지 않는다. 다만, 국내 병용금기 약물이 아닌 경우 부득이하게 병용투여를 피할 수 없다면, 환자의 임상상태를 주의깊게 모니터링 하여야 하며, 약물의 독성이 나타나면 투여를 중지하는 등 적절한 조치를 취한다."
A11A0500A0131,all,Ibuprofen Lysine,Ibuprofen,"NSAIDs/NSAIDs 임상효과 : 두 약물의 병용투여시 위장관 궤양과 출혈 등 중증의 위장관계 이상반응의 발생 위험이 증가될 수 있으며, 신기능이 감소될 수도 있다. 기전 : 두 약물의 병용투여시 NSAIDs 부작용에 대한 상가 또는 상승 작용이 나타날 수 있다. 처치 : 두 약물은 병용투여하지 않는다. 다만, 국내 병용금기 약물이 아닌 경우 부득이하게 병용투여를 피할 수 없다면, 환자의 임상상태를 주의깊게 모니터링 하여야 하며, 약물의 독성이 나타나면 투여를 중지하는 등 적절한 조치를 취한다."
A11A0500A0131,all,Ibuprofen Sodium,Ibuprofen,"NSAIDs/NSAIDs 임상효과 : 두 약물의 병용투여시 위장관 궤양과 출혈 등 중증의 위장관계 이상반응의 발생 위험이 증가될 수 있으며, 신기능이 감소될 수도 있다. 기전 : 두 약물의 병용투여시 NSAIDs 부작용에 대한 상가 또는 상승 작용이 나타날 수 있다. 처치 : 두 약물은 병용투여하지 않는다. 다만, 국내 병용금기 약물이 아닌 경우 부득이하게 병용투여를 피할 수 없다면, 환자의 임상상태를 주의깊게 모니터링 하여야 하며, 약물의 독성이 나타나면 투여를 중지하는 등 적절한 조치를 취한다."
A11A0500A0131,all,Ibuproxam,Ibuprofen,"NSAIDs/NSAIDs 임상효과 : 두 약물의 병용투여시 위장관 궤양과 출혈 등 중증의 위장관계 이상반응의 발생 위험이 증가될 수 있으며, 신기능이 감소될 수도 있다. 기전 : 두 약물의 병용투여시 NSAIDs 부작용에 대한 상가 또는 상승 작용이 나타날 수 있다. 처치 : 두 약물은 병용투여하지 않는다. 다만, 국내 병용금기 약물이 아닌 경우 부득이하게 병용투여를 피할 수 없다면, 환자의 임상상태를 주의깊게 모니터링 하여야 하며, 약물의 독성이 나타나면 투여를 중지하는 등 적절한 조치를 취한다."
A11A0500A0131,all,Imidazole Salicylate,Ibuprofen,"NSAIDs/NSAIDs 임상효과 : 두 약물의 병용투여시 위장관 궤양과 출혈 등 중증의 위장관계 이상반응의 발생 위험이 증가될 수 있으며, 신기능이 감소될 수도 있다. 기전 : 두 약물의 병용투여시 NSAIDs 부작용에 대한 상가 또는 상승 작용이 나타날 수 있다. 처치 : 두 약물은 병용투여하지 않는다. 다만, 국내 병용금기 약물이 아닌 경우 부득이하게 병용투여를 피할 수 없다면, 환자의 임상상태를 주의깊게 모니터링 하여야 하며, 약물의 독성이 나타나면 투여를 중지하는 등 적절한 조치를 취한다."
A11A0500A0131,all,Imidazole-2-Hydroxybenzoate,Ibuprofen,"NSAIDs/NSAIDs 임상효과 : 두 약물의 병용투여시 위장관 궤양과 출혈 등 중증의 위장관계 이상반응의 발생 위험이 증가될 수 있으며, 신기능이 감소될 수도 있다. 기전 : 두 약물의 병용투여시 NSAIDs 부작용에 대한 상가 또는 상승 작용이 나타날 수 있다. 처치 : 두 약물은 병용투여하지 않는다. 다만, 국내 병용금기 약물이 아닌 경우 부득이하게 병용투여를 피할 수 없다면, 환자의 임상상태를 주의깊게 모니터링 하여야 하며, 약물의 독성이 나타나면 투여를 중지하는 등 적절한 조치를 취한다."
A11A0500A0131,all,Indapamide,Ibuprofen,Thiazide-Type Diuretics/NSAIDs 임상효과 : 두 약물의 병용투여시 치아짓계 이뇨제의 항고혈압 효과 및 이뇨 효과가 감소될 수 있다. 기전 : 인도메타신(Indomethacin)에 의한 신장의 프로스타글란딘 합성 억제와 소듐/워터(sodium/water) 정체 유도가 치아짓계 이뇨제의 작용을 길항할 수 있다. 처치 : 두 약물의 병용투여시에는 환자의 혈압을 규칙적으로 모니터링 해야 한다. 그에 따라 이뇨제의 용량을 조절한다.
A11A0500A0131,all,Indometacin,Ibuprofen,"NSAIDs/NSAIDs 임상효과 : 두 약물의 병용투여시 위장관 궤양과 출혈 등 중증의 위장관계 이상반응의 발생 위험이 증가될 수 있으며, 신기능이 감소될 수도 있다. 기전 : 두 약물의 병용투여시 NSAIDs 부작용에 대한 상가 또는 상승 작용이 나타날 수 있다. 처치 : 두 약물은 병용투여하지 않는다. 다만, 국내 병용금기 약물이 아닌 경우 부득이하게 병용투여를 피할 수 없다면, 환자의 임상상태를 주의깊게 모니터링 하여야 하며, 약물의 독성이 나타나면 투여를 중지하는 등 적절한 조치를 취한다."
A11A0500A0131,all,Indometacin Sodium Hydrate,Ibuprofen,"NSAIDs/NSAIDs 임상효과 : 두 약물의 병용투여시 위장관 궤양과 출혈 등 중증의 위장관계 이상반응의 발생 위험이 증가될 수 있으며, 신기능이 감소될 수도 있다. 기전 : 두 약물의 병용투여시 NSAIDs 부작용에 대한 상가 또는 상승 작용이 나타날 수 있다. 처치 : 두 약물은 병용투여하지 않는다. 다만, 국내 병용금기 약물이 아닌 경우 부득이하게 병용투여를 피할 수 없다면, 환자의 임상상태를 주의깊게 모니터링 하여야 하며, 약물의 독성이 나타나면 투여를 중지하는 등 적절한 조치를 취한다."
A11A0500A0131,all,Isopropylantipyrine,Ibuprofen,"NSAIDs/NSAIDs 임상효과 : 두 약물의 병용투여시 위장관 궤양과 출혈 등 중증의 위장관계 이상반응의 발생 위험이 증가될 수 있으며, 신기능이 감소될 수도 있다. 기전 : 두 약물의 병용투여시 NSAIDs 부작용에 대한 상가 또는 상승 작용이 나타날 수 있다. 처치 : 두 약물은 병용투여하지 않는다. 다만, 국내 병용금기 약물이 아닌 경우 부득이하게 병용투여를 피할 수 없다면, 환자의 임상상태를 주의깊게 모니터링 하여야 하며, 약물의 독성이 나타나면 투여를 중지하는 등 적절한 조치를 취한다."
A11A0500A0131,all,Kanamycin,Ibuprofen,"Aminoglycosides/NSAIDs 임상효과 : 두 약물의 병용투여시 아미노글리코시드계 약물의 혈중농도가 증가할 수 있다. 기전 : NSAIDs(비스테로이드성 항염증제)는 사구체 여과속도를 감소시켜 아미노글리코시드계 약물의 축적을 유발할 수 있다. 처치 : 가능하면 이 두 약물의 병용은 피해야 한다. 부득이하게 두 약물의 병용을 피할 수 없다면, NSAIDs의 투약을 시작하기 전에 아미노글리코시드계 약물의 용량을 감소시켜야 한다. 신기능과 아미노글리코시드계 약물의 혈청 농도를 모니터링 해야 하며, 이에 따라 아미노글리코시드계 약물의 용량을 조절한다."
A11A0500A0131,all,Kanamycin Acid Sulphate,Ibuprofen,"Aminoglycosides/NSAIDs 임상효과 : 두 약물의 병용투여시 아미노글리코시드계 약물의 혈중농도가 증가할 수 있다. 기전 : NSAIDs(비스테로이드성 항염증제)는 사구체 여과속도를 감소시켜 아미노글리코시드계 약물의 축적을 유발할 수 있다. 처치 : 가능하면 이 두 약물의 병용은 피해야 한다. 부득이하게 두 약물의 병용을 피할 수 없다면, NSAIDs의 투약을 시작하기 전에 아미노글리코시드계 약물의 용량을 감소시켜야 한다. 신기능과 아미노글리코시드계 약물의 혈청 농도를 모니터링 해야 하며, 이에 따라 아미노글리코시드계 약물의 용량을 조절한다."
A11A0500A0131,all,Kanamycin Sulfate,Ibuprofen,"Aminoglycosides/NSAIDs 임상효과 : 두 약물의 병용투여시 아미노글리코시드계 약물의 혈중농도가 증가할 수 있다. 기전 : NSAIDs(비스테로이드성 항염증제)는 사구체 여과속도를 감소시켜 아미노글리코시드계 약물의 축적을 유발할 수 있다. 처치 : 가능하면 이 두 약물의 병용은 피해야 한다. 부득이하게 두 약물의 병용을 피할 수 없다면, NSAIDs의 투약을 시작하기 전에 아미노글리코시드계 약물의 용량을 감소시켜야 한다. 신기능과 아미노글리코시드계 약물의 혈청 농도를 모니터링 해야 하며, 이에 따라 아미노글리코시드계 약물의 용량을 조절한다."
A11A0500A0131,all,Kanamycin Sulfate,Ibuprofen,"Aminoglycosides/NSAIDs 임상효과 : 두 약물의 병용투여시 아미노글리코시드계 약물의 혈중농도가 증가할 수 있다. 기전 : NSAIDs(비스테로이드성 항염증제)는 사구체 여과속도를 감소시켜 아미노글리코시드계 약물의 축적을 유발할 수 있다. 처치 : 가능하면 이 두 약물의 병용은 피해야 한다. 부득이하게 두 약물의 병용을 피할 수 없다면, NSAIDs의 투약을 시작하기 전에 아미노글리코시드계 약물의 용량을 감소시켜야 한다. 신기능과 아미노글리코시드계 약물의 혈청 농도를 모니터링 해야 하며, 이에 따라 아미노글리코시드계 약물의 용량을 조절한다."
A11A0500A0131,all,Kanamycin Tanninate,Ibuprofen,"Aminoglycosides/NSAIDs 임상효과 : 두 약물의 병용투여시 아미노글리코시드계 약물의 혈중농도가 증가할 수 있다. 기전 : NSAIDs(비스테로이드성 항염증제)는 사구체 여과속도를 감소시켜 아미노글리코시드계 약물의 축적을 유발할 수 있다. 처치 : 가능하면 이 두 약물의 병용은 피해야 한다. 부득이하게 두 약물의 병용을 피할 수 없다면, NSAIDs의 투약을 시작하기 전에 아미노글리코시드계 약물의 용량을 감소시켜야 한다. 신기능과 아미노글리코시드계 약물의 혈청 농도를 모니터링 해야 하며, 이에 따라 아미노글리코시드계 약물의 용량을 조절한다."
A11A0500A0131,all,Ketoprofen,Ibuprofen,"NSAIDs/NSAIDs 임상효과 : 두 약물의 병용투여시 위장관 궤양과 출혈 등 중증의 위장관계 이상반응의 발생 위험이 증가될 수 있으며, 신기능이 감소될 수도 있다. 기전 : 두 약물의 병용투여시 NSAIDs 부작용에 대한 상가 또는 상승 작용이 나타날 수 있다. 처치 : 두 약물은 병용투여하지 않는다. 다만, 국내 병용금기 약물이 아닌 경우 부득이하게 병용투여를 피할 수 없다면, 환자의 임상상태를 주의깊게 모니터링 하여야 하며, 약물의 독성이 나타나면 투여를 중지하는 등 적절한 조치를 취한다."
A11A0500A0131,all,Ketoprofen Lysinate,Ibuprofen,"NSAIDs/NSAIDs 임상효과 : 두 약물의 병용투여시 위장관 궤양과 출혈 등 중증의 위장관계 이상반응의 발생 위험이 증가될 수 있으며, 신기능이 감소될 수도 있다. 기전 : 두 약물의 병용투여시 NSAIDs 부작용에 대한 상가 또는 상승 작용이 나타날 수 있다. 처치 : 두 약물은 병용투여하지 않는다. 다만, 국내 병용금기 약물이 아닌 경우 부득이하게 병용투여를 피할 수 없다면, 환자의 임상상태를 주의깊게 모니터링 하여야 하며, 약물의 독성이 나타나면 투여를 중지하는 등 적절한 조치를 취한다."
A11A0500A0131,all,Ketorolac,Ibuprofen,"NSAIDs/NSAIDs 임상효과 : 두 약물의 병용투여시 위장관 궤양과 출혈 등 중증의 위장관계 이상반응의 발생 위험이 증가될 수 있으며, 신기능이 감소될 수도 있다. 기전 : 두 약물의 병용투여시 NSAIDs 부작용에 대한 상가 또는 상승 작용이 나타날 수 있다. 처치 : 두 약물은 병용투여하지 않는다. 다만, 국내 병용금기 약물이 아닌 경우 부득이하게 병용투여를 피할 수 없다면, 환자의 임상상태를 주의깊게 모니터링 하여야 하며, 약물의 독성이 나타나면 투여를 중지하는 등 적절한 조치를 취한다."
A11A0500A0131,all,Ketorolac Tromethamine,Ibuprofen,"NSAIDs/NSAIDs 임상효과 : 두 약물의 병용투여시 위장관 궤양과 출혈 등 중증의 위장관계 이상반응의 발생 위험이 증가될 수 있으며, 신기능이 감소될 수도 있다. 기전 : 두 약물의 병용투여시 NSAIDs 부작용에 대한 상가 또는 상승 작용이 나타날 수 있다. 처치 : 두 약물은 병용투여하지 않는다. 다만, 국내 병용금기 약물이 아닌 경우 부득이하게 병용투여를 피할 수 없다면, 환자의 임상상태를 주의깊게 모니터링 하여야 하며, 약물의 독성이 나타나면 투여를 중지하는 등 적절한 조치를 취한다."
A11A0500A0131,all,Levobetaxolol Hydrochloride,Ibuprofen,"Beta-Blockers/NSAIDs 임상효과 : 두 약물의 병용투여시 베타-차단제의 항고혈압 효과가 저해될 수 있다. 기전 : NSAIDs(비스테로이드성 항염증제)가 신장의 프로스타글란딘 합성을 저해하여, 고혈압을 유발하도록 할 수 있다. 처치 : 가능하다면 두 약물은 병용투여하지 않는다. 부득이하게 두 약물을 병용할 때에는 주기적으로 환자의 혈압을 모니터링하고, 필요하다면 베타-차단제의 용량을 조절해야 한다. 술린닥(Sulindac)과 같은 NSAIDs는 이러한 상호작용을 가지지 않으므로 대체 제제로 고려해볼 수 있다."
A11A0500A0131,all,Lithium Carbonate,Ibuprofen,"Antipsychotic Agents(Lithium)/NSAIDs 임상효과 : 두 약물의 병용투여시 혈청 리튬의 농도는 증가하고 리튬의 신클리어런스는 감소하여 결과적으로 리튬의 약리학적 효과 및 독성의 위험이 증가할 수 있다. 기전 : 신장 피질의 프로스타글란딘은 사구체 여과율, 혈관 저항, 레닌의 분비를 조절한다. NSAIDs는 이러한프로스타글란딘을 합성하는 COX(Cyclooxygenase)를 저해함으로써 사구체 여과작용을 감소시키고, 결과적으로 리튬의 축적을 초래하여 혈청 리튬의 농도를 상승시킨다. 처치 : 리튬을 투여하는 환자에게 NSAIDs의 투여를 시작하거나 중단할 때에는 안정해질때까지 매 4-5일마다 리튬의 농도를 모니터링하고 환자에게 임상적 변화가 나타나는지 주의깊게 관찰해야 한다. 필요시 리튬의 용량을 조절한다."
A11A0500A0131,all,Lonazolac Calcium,Ibuprofen,"NSAIDs/NSAIDs 임상효과 : 두 약물의 병용투여시 위장관 궤양과 출혈 등 중증의 위장관계 이상반응의 발생 위험이 증가될 수 있으며, 신기능이 감소될 수도 있다. 기전 : 두 약물의 병용투여시 NSAIDs 부작용에 대한 상가 또는 상승 작용이 나타날 수 있다. 처치 : 두 약물은 병용투여하지 않는다. 다만, 국내 병용금기 약물이 아닌 경우 부득이하게 병용투여를 피할 수 없다면, 환자의 임상상태를 주의깊게 모니터링 하여야 하며, 약물의 독성이 나타나면 투여를 중지하는 등 적절한 조치를 취한다."
A11A0500A0131,all,Lornoxicam,Ibuprofen,"NSAIDs/NSAIDs 임상효과 : 두 약물의 병용투여시 위장관 궤양과 출혈 등 중증의 위장관계 이상반응의 발생 위험이 증가될 수 있으며, 신기능이 감소될 수도 있다. 기전 : 두 약물의 병용투여시 NSAIDs 부작용에 대한 상가 또는 상승 작용이 나타날 수 있다. 처치 : 두 약물은 병용투여하지 않는다. 다만, 국내 병용금기 약물이 아닌 경우 부득이하게 병용투여를 피할 수 없다면, 환자의 임상상태를 주의깊게 모니터링 하여야 하며, 약물의 독성이 나타나면 투여를 중지하는 등 적절한 조치를 취한다."
A11A0500A0131,all,Loxoprofen,Ibuprofen,"NSAIDs/NSAIDs 임상효과 : 두 약물의 병용투여시 위장관 궤양과 출혈 등 중증의 위장관계 이상반응의 발생 위험이 증가될 수 있으며, 신기능이 감소될 수도 있다. 기전 : 두 약물의 병용투여시 NSAIDs 부작용에 대한 상가 또는 상승 작용이 나타날 수 있다. 처치 : 두 약물은 병용투여하지 않는다. 다만, 국내 병용금기 약물이 아닌 경우 부득이하게 병용투여를 피할 수 없다면, 환자의 임상상태를 주의깊게 모니터링 하여야 하며, 약물의 독성이 나타나면 투여를 중지하는 등 적절한 조치를 취한다."
A11A0500A0131,all,Loxoprofen Sodium Hydrate,Ibuprofen,"NSAIDs/NSAIDs 임상효과 : 두 약물의 병용투여시 위장관 궤양과 출혈 등 중증의 위장관계 이상반응의 발생 위험이 증가될 수 있으며, 신기능이 감소될 수도 있다. 기전 : 두 약물의 병용투여시 NSAIDs 부작용에 대한 상가 또는 상승 작용이 나타날 수 있다. 처치 : 두 약물은 병용투여하지 않는다. 다만, 국내 병용금기 약물이 아닌 경우 부득이하게 병용투여를 피할 수 없다면, 환자의 임상상태를 주의깊게 모니터링 하여야 하며, 약물의 독성이 나타나면 투여를 중지하는 등 적절한 조치를 취한다."
A11A0500A0131,all,Meclofenamate Sodium Hydrate,Ibuprofen,"NSAIDs/NSAIDs 임상효과 : 두 약물의 병용투여시 위장관 궤양과 출혈 등 중증의 위장관계 이상반응의 발생 위험이 증가될 수 있으며, 신기능이 감소될 수도 있다. 기전 : 두 약물의 병용투여시 NSAIDs 부작용에 대한 상가 또는 상승 작용이 나타날 수 있다. 처치 : 두 약물은 병용투여하지 않는다. 다만, 국내 병용금기 약물이 아닌 경우 부득이하게 병용투여를 피할 수 없다면, 환자의 임상상태를 주의깊게 모니터링 하여야 하며, 약물의 독성이 나타나면 투여를 중지하는 등 적절한 조치를 취한다."
A11A0500A0131,all,Mefenamic Acid,Ibuprofen,"NSAIDs/NSAIDs 임상효과 : 두 약물의 병용투여시 위장관 궤양과 출혈 등 중증의 위장관계 이상반응의 발생 위험이 증가될 수 있으며, 신기능이 감소될 수도 있다. 기전 : 두 약물의 병용투여시 NSAIDs 부작용에 대한 상가 또는 상승 작용이 나타날 수 있다. 처치 : 두 약물은 병용투여하지 않는다. 다만, 국내 병용금기 약물이 아닌 경우 부득이하게 병용투여를 피할 수 없다면, 환자의 임상상태를 주의깊게 모니터링 하여야 하며, 약물의 독성이 나타나면 투여를 중지하는 등 적절한 조치를 취한다."
A11A0500A0131,all,Melilot,Ibuprofen,"NSAIDs/NSAIDs 임상효과 : 두 약물의 병용투여시 위장관 궤양과 출혈 등 중증의 위장관계 이상반응의 발생 위험이 증가될 수 있으며, 신기능이 감소될 수도 있다. 기전 : 두 약물의 병용투여시 NSAIDs 부작용에 대한 상가 또는 상승 작용이 나타날 수 있다. 처치 : 두 약물은 병용투여하지 않는다. 다만, 국내 병용금기 약물이 아닌 경우 부득이하게 병용투여를 피할 수 없다면, 환자의 임상상태를 주의깊게 모니터링 하여야 하며, 약물의 독성이 나타나면 투여를 중지하는 등 적절한 조치를 취한다."
A11A0500A0131,all,Meloxicam,Ibuprofen,"NSAIDs/NSAIDs 임상효과 : 두 약물의 병용투여시 위장관 궤양과 출혈 등 중증의 위장관계 이상반응의 발생 위험이 증가될 수 있으며, 신기능이 감소될 수도 있다. 기전 : 두 약물의 병용투여시 NSAIDs 부작용에 대한 상가 또는 상승 작용이 나타날 수 있다. 처치 : 두 약물은 병용투여하지 않는다. 다만, 국내 병용금기 약물이 아닌 경우 부득이하게 병용투여를 피할 수 없다면, 환자의 임상상태를 주의깊게 모니터링 하여야 하며, 약물의 독성이 나타나면 투여를 중지하는 등 적절한 조치를 취한다."
A11A0500A0131,all,Methotrexate,Ibuprofen,"Methotrexate/NSAIDs 임상효과 : 두 약물의 병용투여시 메토트렉세이트의 혈액학적 독성(골수억제, 간, 신장, 소화관장애, 혈액장애 등)이 증강 또는 연장될 수 있다. 그러나 류마티스 관절염과 다른 염증성 질환을 위한 주1회의 저용량 메토트렉세이트 요법에서는 이러한 이상반응이 나타날 확률이 작다. 기전 : NSAIDs(비스테로이드성 항염증제)는 신혈류량을 증가시켜 신기능을 유지시키는 작용을 하는 PGE(프로스타그란딘E)의 합성을 억제함으로써 사구체 여과율을 감소시킨다. 따라서 NSAIDs와 신장으로 배설되는 약물인 메토트렉세이트를 병용투여하게 되면 신세뇨관에서 메토트렉세이트의 배설이 지연될 수 있다. 또한 NSAIDs는 높은 단백결합률을 가지고 있으며 따라서 혈장단백에 결합한 메토트렉세이트와 치환하여 유리시킴으로써 그 혈중농도를 증가시킨다. 처치 : 고용량의 메토트렉세이트(15mg/주 이상)는 NSAIDs(특히, 아스피린, 인도메타신은 주의해야 한다.)과 병용투여하지 않아야 한다. 저용량의 메토트렉세이트와 NSAIDs를 병용투여하는 경우에는 신중히 투여하여야 하며 투여 기간 동안 메토트렉세이트 독성에 취약한 신장의 손상이 있는지, 메토트렉세이트 독성의 징후가 나타나는지 등의 여부를 주기적으로 모니터링해야 한다."
A11A0500A0131,all,Methotrexate Sodium,Ibuprofen,"Methotrexate/NSAIDs 임상효과 : 두 약물의 병용투여시 메토트렉세이트의 혈액학적 독성(골수억제, 간, 신장, 소화관장애, 혈액장애 등)이 증강 또는 연장될 수 있다. 그러나 류마티스 관절염과 다른 염증성 질환을 위한 주1회의 저용량 메토트렉세이트 요법에서는 이러한 이상반응이 나타날 확률이 작다. 기전 : NSAIDs(비스테로이드성 항염증제)는 신혈류량을 증가시켜 신기능을 유지시키는 작용을 하는 PGE(프로스타그란딘E)의 합성을 억제함으로써 사구체 여과율을 감소시킨다. 따라서 NSAIDs와 신장으로 배설되는 약물인 메토트렉세이트를 병용투여하게 되면 신세뇨관에서 메토트렉세이트의 배설이 지연될 수 있다. 또한 NSAIDs는 높은 단백결합률을 가지고 있으며 따라서 혈장단백에 결합한 메토트렉세이트와 치환하여 유리시킴으로써 그 혈중농도를 증가시킨다. 처치 : 고용량의 메토트렉세이트(15mg/주 이상)는 NSAIDs(특히, 아스피린, 인도메타신은 주의해야 한다.)과 병용투여하지 않아야 한다. 저용량의 메토트렉세이트와 NSAIDs를 병용투여하는 경우에는 신중히 투여하여야 하며 투여 기간 동안 메토트렉세이트 독성에 취약한 신장의 손상이 있는지, 메토트렉세이트 독성의 징후가 나타나는지 등의 여부를 주기적으로 모니터링해야 한다."
A11A0500A0131,all,Methyclothiazide,Ibuprofen,Thiazide-Type Diuretics/NSAIDs 임상효과 : 두 약물의 병용투여시 치아짓계 이뇨제의 항고혈압 효과 및 이뇨 효과가 감소될 수 있다. 기전 : 인도메타신(Indomethacin)에 의한 신장의 프로스타글란딘 합성 억제와 소듐/워터(sodium/water) 정체 유도가 치아짓계 이뇨제의 작용을 길항할 수 있다. 처치 : 두 약물의 병용투여시에는 환자의 혈압을 규칙적으로 모니터링 해야 한다. 그에 따라 이뇨제의 용량을 조절한다.
A11A0500A0131,all,Metolazone,Ibuprofen,Thiazide-Type Diuretics/NSAIDs 임상효과 : 두 약물의 병용투여시 치아짓계 이뇨제의 항고혈압 효과 및 이뇨 효과가 감소될 수 있다. 기전 : 인도메타신(Indomethacin)에 의한 신장의 프로스타글란딘 합성 억제와 소듐/워터(sodium/water) 정체 유도가 치아짓계 이뇨제의 작용을 길항할 수 있다. 처치 : 두 약물의 병용투여시에는 환자의 혈압을 규칙적으로 모니터링 해야 한다. 그에 따라 이뇨제의 용량을 조절한다.
A11A0500A0131,all,Metoprolol,Ibuprofen,"Beta-Blockers/NSAIDs 임상효과 : 두 약물의 병용투여시 베타-차단제의 항고혈압 효과가 저해될 수 있다. 기전 : NSAIDs(비스테로이드성 항염증제)가 신장의 프로스타글란딘 합성을 저해하여, 고혈압을 유발하도록 할 수 있다. 처치 : 가능하다면 두 약물은 병용투여하지 않는다. 부득이하게 두 약물을 병용할 때에는 주기적으로 환자의 혈압을 모니터링하고, 필요하다면 베타-차단제의 용량을 조절해야 한다. 술린닥(Sulindac)과 같은 NSAIDs는 이러한 상호작용을 가지지 않으므로 대체 제제로 고려해볼 수 있다."
A11A0500A0131,all,Metoprolol Fumarate,Ibuprofen,"Beta-Blockers/NSAIDs 임상효과 : 두 약물의 병용투여시 베타-차단제의 항고혈압 효과가 저해될 수 있다. 기전 : NSAIDs(비스테로이드성 항염증제)가 신장의 프로스타글란딘 합성을 저해하여, 고혈압을 유발하도록 할 수 있다. 처치 : 가능하다면 두 약물은 병용투여하지 않는다. 부득이하게 두 약물을 병용할 때에는 주기적으로 환자의 혈압을 모니터링하고, 필요하다면 베타-차단제의 용량을 조절해야 한다. 술린닥(Sulindac)과 같은 NSAIDs는 이러한 상호작용을 가지지 않으므로 대체 제제로 고려해볼 수 있다."
A11A0500A0131,all,Metoprolol Succinate,Ibuprofen,"Beta-Blockers/NSAIDs 임상효과 : 두 약물의 병용투여시 베타-차단제의 항고혈압 효과가 저해될 수 있다. 기전 : NSAIDs(비스테로이드성 항염증제)가 신장의 프로스타글란딘 합성을 저해하여, 고혈압을 유발하도록 할 수 있다. 처치 : 가능하다면 두 약물은 병용투여하지 않는다. 부득이하게 두 약물을 병용할 때에는 주기적으로 환자의 혈압을 모니터링하고, 필요하다면 베타-차단제의 용량을 조절해야 한다. 술린닥(Sulindac)과 같은 NSAIDs는 이러한 상호작용을 가지지 않으므로 대체 제제로 고려해볼 수 있다."
A11A0500A0131,all,Metoprolol Tartrate,Ibuprofen,"Beta-Blockers/NSAIDs 임상효과 : 두 약물의 병용투여시 베타-차단제의 항고혈압 효과가 저해될 수 있다. 기전 : NSAIDs(비스테로이드성 항염증제)가 신장의 프로스타글란딘 합성을 저해하여, 고혈압을 유발하도록 할 수 있다. 처치 : 가능하다면 두 약물은 병용투여하지 않는다. 부득이하게 두 약물을 병용할 때에는 주기적으로 환자의 혈압을 모니터링하고, 필요하다면 베타-차단제의 용량을 조절해야 한다. 술린닥(Sulindac)과 같은 NSAIDs는 이러한 상호작용을 가지지 않으므로 대체 제제로 고려해볼 수 있다."
A11A0500A0131,all,Morniflumate,Ibuprofen,"NSAIDs/NSAIDs 임상효과 : 두 약물의 병용투여시 위장관 궤양과 출혈 등 중증의 위장관계 이상반응의 발생 위험이 증가될 수 있으며, 신기능이 감소될 수도 있다. 기전 : 두 약물의 병용투여시 NSAIDs 부작용에 대한 상가 또는 상승 작용이 나타날 수 있다. 처치 : 두 약물은 병용투여하지 않는다. 다만, 국내 병용금기 약물이 아닌 경우 부득이하게 병용투여를 피할 수 없다면, 환자의 임상상태를 주의깊게 모니터링 하여야 하며, 약물의 독성이 나타나면 투여를 중지하는 등 적절한 조치를 취한다."
A11A0500A0131,all,Nabumetone,Ibuprofen,"NSAIDs/NSAIDs 임상효과 : 두 약물의 병용투여시 위장관 궤양과 출혈 등 중증의 위장관계 이상반응의 발생 위험이 증가될 수 있으며, 신기능이 감소될 수도 있다. 기전 : 두 약물의 병용투여시 NSAIDs 부작용에 대한 상가 또는 상승 작용이 나타날 수 있다. 처치 : 두 약물은 병용투여하지 않는다. 다만, 국내 병용금기 약물이 아닌 경우 부득이하게 병용투여를 피할 수 없다면, 환자의 임상상태를 주의깊게 모니터링 하여야 하며, 약물의 독성이 나타나면 투여를 중지하는 등 적절한 조치를 취한다."
A11A0500A0131,all,Nadolol,Ibuprofen,"Beta-Blockers/NSAIDs 임상효과 : 두 약물의 병용투여시 베타-차단제의 항고혈압 효과가 저해될 수 있다. 기전 : NSAIDs(비스테로이드성 항염증제)가 신장의 프로스타글란딘 합성을 저해하여, 고혈압을 유발하도록 할 수 있다. 처치 : 가능하다면 두 약물은 병용투여하지 않는다. 부득이하게 두 약물을 병용할 때에는 주기적으로 환자의 혈압을 모니터링하고, 필요하다면 베타-차단제의 용량을 조절해야 한다. 술린닥(Sulindac)과 같은 NSAIDs는 이러한 상호작용을 가지지 않으므로 대체 제제로 고려해볼 수 있다."
A11A0500A0131,all,Naproxen,Ibuprofen,"NSAIDs/NSAIDs 임상효과 : 두 약물의 병용투여시 위장관 궤양과 출혈 등 중증의 위장관계 이상반응의 발생 위험이 증가될 수 있으며, 신기능이 감소될 수도 있다. 기전 : 두 약물의 병용투여시 NSAIDs 부작용에 대한 상가 또는 상승 작용이 나타날 수 있다. 처치 : 두 약물은 병용투여하지 않는다. 다만, 국내 병용금기 약물이 아닌 경우 부득이하게 병용투여를 피할 수 없다면, 환자의 임상상태를 주의깊게 모니터링 하여야 하며, 약물의 독성이 나타나면 투여를 중지하는 등 적절한 조치를 취한다."
A11A0500A0131,all,Naproxen Sodium,Ibuprofen,"NSAIDs/NSAIDs 임상효과 : 두 약물의 병용투여시 위장관 궤양과 출혈 등 중증의 위장관계 이상반응의 발생 위험이 증가될 수 있으며, 신기능이 감소될 수도 있다. 기전 : 두 약물의 병용투여시 NSAIDs 부작용에 대한 상가 또는 상승 작용이 나타날 수 있다. 처치 : 두 약물은 병용투여하지 않는다. 다만, 국내 병용금기 약물이 아닌 경우 부득이하게 병용투여를 피할 수 없다면, 환자의 임상상태를 주의깊게 모니터링 하여야 하며, 약물의 독성이 나타나면 투여를 중지하는 등 적절한 조치를 취한다."
A11A0500A0131,all,Netilmicin Sulfate,Ibuprofen,"Aminoglycosides/NSAIDs 임상효과 : 두 약물의 병용투여시 아미노글리코시드계 약물의 혈중농도가 증가할 수 있다. 기전 : NSAIDs(비스테로이드성 항염증제)는 사구체 여과속도를 감소시켜 아미노글리코시드계 약물의 축적을 유발할 수 있다. 처치 : 가능하면 이 두 약물의 병용은 피해야 한다. 부득이하게 두 약물의 병용을 피할 수 없다면, NSAIDs의 투약을 시작하기 전에 아미노글리코시드계 약물의 용량을 감소시켜야 한다. 신기능과 아미노글리코시드계 약물의 혈청 농도를 모니터링 해야 하며, 이에 따라 아미노글리코시드계 약물의 용량을 조절한다."
A11A0500A0131,all,Nimesulide,Ibuprofen,"NSAIDs/NSAIDs 임상효과 : 두 약물의 병용투여시 위장관 궤양과 출혈 등 중증의 위장관계 이상반응의 발생 위험이 증가될 수 있으며, 신기능이 감소될 수도 있다. 기전 : 두 약물의 병용투여시 NSAIDs 부작용에 대한 상가 또는 상승 작용이 나타날 수 있다. 처치 : 두 약물은 병용투여하지 않는다. 다만, 국내 병용금기 약물이 아닌 경우 부득이하게 병용투여를 피할 수 없다면, 환자의 임상상태를 주의깊게 모니터링 하여야 하며, 약물의 독성이 나타나면 투여를 중지하는 등 적절한 조치를 취한다."
A11A0500A0131,all,Oxaprozin,Ibuprofen,"NSAIDs/NSAIDs 임상효과 : 두 약물의 병용투여시 위장관 궤양과 출혈 등 중증의 위장관계 이상반응의 발생 위험이 증가될 수 있으며, 신기능이 감소될 수도 있다. 기전 : 두 약물의 병용투여시 NSAIDs 부작용에 대한 상가 또는 상승 작용이 나타날 수 있다. 처치 : 두 약물은 병용투여하지 않는다. 다만, 국내 병용금기 약물이 아닌 경우 부득이하게 병용투여를 피할 수 없다면, 환자의 임상상태를 주의깊게 모니터링 하여야 하며, 약물의 독성이 나타나면 투여를 중지하는 등 적절한 조치를 취한다."
A11A0500A0131,all,Pelubiprofen,Ibuprofen,"NSAIDs/NSAIDs 임상효과 : 두 약물의 병용투여시 위장관 궤양과 출혈 등 중증의 위장관계 이상반응의 발생 위험이 증가될 수 있으며, 신기능이 감소될 수도 있다. 기전 : 두 약물의 병용투여시 NSAIDs 부작용에 대한 상가 또는 상승 작용이 나타날 수 있다. 처치 : 두 약물은 병용투여하지 않는다. 다만, 국내 병용금기 약물이 아닌 경우 부득이하게 병용투여를 피할 수 없다면, 환자의 임상상태를 주의깊게 모니터링 하여야 하며, 약물의 독성이 나타나면 투여를 중지하는 등 적절한 조치를 취한다."
A11A0500A0131,all,Penbutolol Sulfate,Ibuprofen,"Beta-Blockers/NSAIDs 임상효과 : 두 약물의 병용투여시 베타-차단제의 항고혈압 효과가 저해될 수 있다. 기전 : NSAIDs(비스테로이드성 항염증제)가 신장의 프로스타글란딘 합성을 저해하여, 고혈압을 유발하도록 할 수 있다. 처치 : 가능하다면 두 약물은 병용투여하지 않는다. 부득이하게 두 약물을 병용할 때에는 주기적으로 환자의 혈압을 모니터링하고, 필요하다면 베타-차단제의 용량을 조절해야 한다. 술린닥(Sulindac)과 같은 NSAIDs는 이러한 상호작용을 가지지 않으므로 대체 제제로 고려해볼 수 있다."
A11A0500A0131,all,Phenytoin,Ibuprofen,"Hydantoins/NSAIDs(Ibuprofen) 임상효과 : 두 약물의 병용투여시 혈청 페니토인(Phenytoin)의 농도가 증가하여 이 약의 약리학적 효과 및 독성이 증가할 수 있다. 기전 : 정확한 상호작용 기전은 밝혀지지 않았으나, 이부프로펜이 페니토인의 간 대사를 저해하는 것으로 추정된다. 처치 : 페니토인을 투여 중인 환자에게 이부프로펜의 투여를 시작하거나 중단할 때에는 혈청 페니토인의 농도를 모니터링하고 환자에게 페니토인의 독성이 나타나는지 혹은 페니토인의 활성이 감소하는지 관찰해야 한다. 필요시 페니토인의 용량을 조절한다."
A11A0500A0131,all,Phenytoin Sodium,Ibuprofen,"Hydantoins/NSAIDs(Ibuprofen) 임상효과 : 두 약물의 병용투여시 혈청 페니토인(Phenytoin)의 농도가 증가하여 이 약의 약리학적 효과 및 독성이 증가할 수 있다. 기전 : 정확한 상호작용 기전은 밝혀지지 않았으나, 이부프로펜이 페니토인의 간 대사를 저해하는 것으로 추정된다. 처치 : 페니토인을 투여 중인 환자에게 이부프로펜의 투여를 시작하거나 중단할 때에는 혈청 페니토인의 농도를 모니터링하고 환자에게 페니토인의 독성이 나타나는지 혹은 페니토인의 활성이 감소하는지 관찰해야 한다. 필요시 페니토인의 용량을 조절한다."
A11A0500A0131,all,Pindolol,Ibuprofen,"Beta-Blockers/NSAIDs 임상효과 : 두 약물의 병용투여시 베타-차단제의 항고혈압 효과가 저해될 수 있다. 기전 : NSAIDs(비스테로이드성 항염증제)가 신장의 프로스타글란딘 합성을 저해하여, 고혈압을 유발하도록 할 수 있다. 처치 : 가능하다면 두 약물은 병용투여하지 않는다. 부득이하게 두 약물을 병용할 때에는 주기적으로 환자의 혈압을 모니터링하고, 필요하다면 베타-차단제의 용량을 조절해야 한다. 술린닥(Sulindac)과 같은 NSAIDs는 이러한 상호작용을 가지지 않으므로 대체 제제로 고려해볼 수 있다."
A11A0500A0131,all,Piroxicam,Ibuprofen,"NSAIDs/NSAIDs 임상효과 : 두 약물의 병용투여시 위장관 궤양과 출혈 등 중증의 위장관계 이상반응의 발생 위험이 증가될 수 있으며, 신기능이 감소될 수도 있다. 기전 : 두 약물의 병용투여시 NSAIDs 부작용에 대한 상가 또는 상승 작용이 나타날 수 있다. 처치 : 두 약물은 병용투여하지 않는다. 다만, 국내 병용금기 약물이 아닌 경우 부득이하게 병용투여를 피할 수 없다면, 환자의 임상상태를 주의깊게 모니터링 하여야 하며, 약물의 독성이 나타나면 투여를 중지하는 등 적절한 조치를 취한다."
A11A0500A0131,all,Piroxicam Betadex,Ibuprofen,"NSAIDs/NSAIDs 임상효과 : 두 약물의 병용투여시 위장관 궤양과 출혈 등 중증의 위장관계 이상반응의 발생 위험이 증가될 수 있으며, 신기능이 감소될 수도 있다. 기전 : 두 약물의 병용투여시 NSAIDs 부작용에 대한 상가 또는 상승 작용이 나타날 수 있다. 처치 : 두 약물은 병용투여하지 않는다. 다만, 국내 병용금기 약물이 아닌 경우 부득이하게 병용투여를 피할 수 없다면, 환자의 임상상태를 주의깊게 모니터링 하여야 하며, 약물의 독성이 나타나면 투여를 중지하는 등 적절한 조치를 취한다."
A11A0500A0131,all,Piroxicam Potassium,Ibuprofen,"NSAIDs/NSAIDs 임상효과 : 두 약물의 병용투여시 위장관 궤양과 출혈 등 중증의 위장관계 이상반응의 발생 위험이 증가될 수 있으며, 신기능이 감소될 수도 있다. 기전 : 두 약물의 병용투여시 NSAIDs 부작용에 대한 상가 또는 상승 작용이 나타날 수 있다. 처치 : 두 약물은 병용투여하지 않는다. 다만, 국내 병용금기 약물이 아닌 경우 부득이하게 병용투여를 피할 수 없다면, 환자의 임상상태를 주의깊게 모니터링 하여야 하며, 약물의 독성이 나타나면 투여를 중지하는 등 적절한 조치를 취한다."
A11A0500A0131,all,Polythiazide,Ibuprofen,Thiazide-Type Diuretics/NSAIDs 임상효과 : 두 약물의 병용투여시 치아짓계 이뇨제의 항고혈압 효과 및 이뇨 효과가 감소될 수 있다. 기전 : 인도메타신(Indomethacin)에 의한 신장의 프로스타글란딘 합성 억제와 소듐/워터(sodium/water) 정체 유도가 치아짓계 이뇨제의 작용을 길항할 수 있다. 처치 : 두 약물의 병용투여시에는 환자의 혈압을 규칙적으로 모니터링 해야 한다. 그에 따라 이뇨제의 용량을 조절한다.
A11A0500A0131,all,Pranoprofen,Ibuprofen,"NSAIDs/NSAIDs 임상효과 : 두 약물의 병용투여시 위장관 궤양과 출혈 등 중증의 위장관계 이상반응의 발생 위험이 증가될 수 있으며, 신기능이 감소될 수도 있다. 기전 : 두 약물의 병용투여시 NSAIDs 부작용에 대한 상가 또는 상승 작용이 나타날 수 있다. 처치 : 두 약물은 병용투여하지 않는다. 다만, 국내 병용금기 약물이 아닌 경우 부득이하게 병용투여를 피할 수 없다면, 환자의 임상상태를 주의깊게 모니터링 하여야 하며, 약물의 독성이 나타나면 투여를 중지하는 등 적절한 조치를 취한다."
A11A0500A0131,all,Proglumetacin Dimaleate,Ibuprofen,"NSAIDs/NSAIDs 임상효과 : 두 약물의 병용투여시 위장관 궤양과 출혈 등 중증의 위장관계 이상반응의 발생 위험이 증가될 수 있으며, 신기능이 감소될 수도 있다. 기전 : 두 약물의 병용투여시 NSAIDs 부작용에 대한 상가 또는 상승 작용이 나타날 수 있다. 처치 : 두 약물은 병용투여하지 않는다. 다만, 국내 병용금기 약물이 아닌 경우 부득이하게 병용투여를 피할 수 없다면, 환자의 임상상태를 주의깊게 모니터링 하여야 하며, 약물의 독성이 나타나면 투여를 중지하는 등 적절한 조치를 취한다."
A11A0500A0131,all,Propranolol Hydrochloride,Ibuprofen,"Beta-Blockers/NSAIDs 임상효과 : 두 약물의 병용투여시 베타-차단제의 항고혈압 효과가 저해될 수 있다. 기전 : NSAIDs(비스테로이드성 항염증제)가 신장의 프로스타글란딘 합성을 저해하여, 고혈압을 유발하도록 할 수 있다. 처치 : 가능하다면 두 약물은 병용투여하지 않는다. 부득이하게 두 약물을 병용할 때에는 주기적으로 환자의 혈압을 모니터링하고, 필요하다면 베타-차단제의 용량을 조절해야 한다. 술린닥(Sulindac)과 같은 NSAIDs는 이러한 상호작용을 가지지 않으므로 대체 제제로 고려해볼 수 있다."
A11A0500A0131,all,Pyrazinobutazone,Ibuprofen,"NSAIDs/NSAIDs 임상효과 : 두 약물의 병용투여시 위장관 궤양과 출혈 등 중증의 위장관계 이상반응의 발생 위험이 증가될 수 있으며, 신기능이 감소될 수도 있다. 기전 : 두 약물의 병용투여시 NSAIDs 부작용에 대한 상가 또는 상승 작용이 나타날 수 있다. 처치 : 두 약물은 병용투여하지 않는다. 다만, 국내 병용금기 약물이 아닌 경우 부득이하게 병용투여를 피할 수 없다면, 환자의 임상상태를 주의깊게 모니터링 하여야 하며, 약물의 독성이 나타나면 투여를 중지하는 등 적절한 조치를 취한다."
A11A0500A0131,all,Salsalate,Ibuprofen,"NSAIDs/NSAIDs 임상효과 : 두 약물의 병용투여시 위장관 궤양과 출혈 등 중증의 위장관계 이상반응의 발생 위험이 증가될 수 있으며, 신기능이 감소될 수도 있다. 기전 : 두 약물의 병용투여시 NSAIDs 부작용에 대한 상가 또는 상승 작용이 나타날 수 있다. 처치 : 두 약물은 병용투여하지 않는다. 다만, 국내 병용금기 약물이 아닌 경우 부득이하게 병용투여를 피할 수 없다면, 환자의 임상상태를 주의깊게 모니터링 하여야 하며, 약물의 독성이 나타나면 투여를 중지하는 등 적절한 조치를 취한다."
A11A0500A0131,all,S-Atenolol,Ibuprofen,"Beta-Blockers/NSAIDs 임상효과 : 두 약물의 병용투여시 베타-차단제의 항고혈압 효과가 저해될 수 있다. 기전 : NSAIDs(비스테로이드성 항염증제)가 신장의 프로스타글란딘 합성을 저해하여, 고혈압을 유발하도록 할 수 있다. 처치 : 가능하다면 두 약물은 병용투여하지 않는다. 부득이하게 두 약물을 병용할 때에는 주기적으로 환자의 혈압을 모니터링하고, 필요하다면 베타-차단제의 용량을 조절해야 한다. 술린닥(Sulindac)과 같은 NSAIDs는 이러한 상호작용을 가지지 않으므로 대체 제제로 고려해볼 수 있다."
A11A0500A0131,all,Sotalol Hydrochloride,Ibuprofen,"Beta-Blockers/NSAIDs 임상효과 : 두 약물의 병용투여시 베타-차단제의 항고혈압 효과가 저해될 수 있다. 기전 : NSAIDs(비스테로이드성 항염증제)가 신장의 프로스타글란딘 합성을 저해하여, 고혈압을 유발하도록 할 수 있다. 처치 : 가능하다면 두 약물은 병용투여하지 않는다. 부득이하게 두 약물을 병용할 때에는 주기적으로 환자의 혈압을 모니터링하고, 필요하다면 베타-차단제의 용량을 조절해야 한다. 술린닥(Sulindac)과 같은 NSAIDs는 이러한 상호작용을 가지지 않으므로 대체 제제로 고려해볼 수 있다."
A11A0500A0131,all,Streptomycin,Ibuprofen,"Aminoglycosides/NSAIDs 임상효과 : 두 약물의 병용투여시 아미노글리코시드계 약물의 혈중농도가 증가할 수 있다. 기전 : NSAIDs(비스테로이드성 항염증제)는 사구체 여과속도를 감소시켜 아미노글리코시드계 약물의 축적을 유발할 수 있다. 처치 : 가능하면 이 두 약물의 병용은 피해야 한다. 부득이하게 두 약물의 병용을 피할 수 없다면, NSAIDs의 투약을 시작하기 전에 아미노글리코시드계 약물의 용량을 감소시켜야 한다. 신기능과 아미노글리코시드계 약물의 혈청 농도를 모니터링 해야 하며, 이에 따라 아미노글리코시드계 약물의 용량을 조절한다."
A11A0500A0131,all,Streptomycin Hydrochloride,Ibuprofen,"Aminoglycosides/NSAIDs 임상효과 : 두 약물의 병용투여시 아미노글리코시드계 약물의 혈중농도가 증가할 수 있다. 기전 : NSAIDs(비스테로이드성 항염증제)는 사구체 여과속도를 감소시켜 아미노글리코시드계 약물의 축적을 유발할 수 있다. 처치 : 가능하면 이 두 약물의 병용은 피해야 한다. 부득이하게 두 약물의 병용을 피할 수 없다면, NSAIDs의 투약을 시작하기 전에 아미노글리코시드계 약물의 용량을 감소시켜야 한다. 신기능과 아미노글리코시드계 약물의 혈청 농도를 모니터링 해야 하며, 이에 따라 아미노글리코시드계 약물의 용량을 조절한다."
A11A0500A0131,all,Streptomycin Sulfate,Ibuprofen,"Aminoglycosides/NSAIDs 임상효과 : 두 약물의 병용투여시 아미노글리코시드계 약물의 혈중농도가 증가할 수 있다. 기전 : NSAIDs(비스테로이드성 항염증제)는 사구체 여과속도를 감소시켜 아미노글리코시드계 약물의 축적을 유발할 수 있다. 처치 : 가능하면 이 두 약물의 병용은 피해야 한다. 부득이하게 두 약물의 병용을 피할 수 없다면, NSAIDs의 투약을 시작하기 전에 아미노글리코시드계 약물의 용량을 감소시켜야 한다. 신기능과 아미노글리코시드계 약물의 혈청 농도를 모니터링 해야 하며, 이에 따라 아미노글리코시드계 약물의 용량을 조절한다."
A11A0500A0131,all,Sulindac,Ibuprofen,"NSAIDs/NSAIDs 임상효과 : 두 약물의 병용투여시 위장관 궤양과 출혈 등 중증의 위장관계 이상반응의 발생 위험이 증가될 수 있으며, 신기능이 감소될 수도 있다. 기전 : 두 약물의 병용투여시 NSAIDs 부작용에 대한 상가 또는 상승 작용이 나타날 수 있다. 처치 : 두 약물은 병용투여하지 않는다. 다만, 국내 병용금기 약물이 아닌 경우 부득이하게 병용투여를 피할 수 없다면, 환자의 임상상태를 주의깊게 모니터링 하여야 하며, 약물의 독성이 나타나면 투여를 중지하는 등 적절한 조치를 취한다."
A11A0500A0131,all,Sulpyrine,Ibuprofen,"NSAIDs/NSAIDs 임상효과 : 두 약물의 병용투여시 위장관 궤양과 출혈 등 중증의 위장관계 이상반응의 발생 위험이 증가될 수 있으며, 신기능이 감소될 수도 있다. 기전 : 두 약물의 병용투여시 NSAIDs 부작용에 대한 상가 또는 상승 작용이 나타날 수 있다. 처치 : 두 약물은 병용투여하지 않는다. 다만, 국내 병용금기 약물이 아닌 경우 부득이하게 병용투여를 피할 수 없다면, 환자의 임상상태를 주의깊게 모니터링 하여야 하며, 약물의 독성이 나타나면 투여를 중지하는 등 적절한 조치를 취한다."
A11A0500A0131,all,Sulpyrine Calcium,Ibuprofen,"NSAIDs/NSAIDs 임상효과 : 두 약물의 병용투여시 위장관 궤양과 출혈 등 중증의 위장관계 이상반응의 발생 위험이 증가될 수 있으며, 신기능이 감소될 수도 있다. 기전 : 두 약물의 병용투여시 NSAIDs 부작용에 대한 상가 또는 상승 작용이 나타날 수 있다. 처치 : 두 약물은 병용투여하지 않는다. 다만, 국내 병용금기 약물이 아닌 경우 부득이하게 병용투여를 피할 수 없다면, 환자의 임상상태를 주의깊게 모니터링 하여야 하며, 약물의 독성이 나타나면 투여를 중지하는 등 적절한 조치를 취한다."
A11A0500A0131,all,Tacrine Hydrochloride Hydrate,Ibuprofen,"Tacrine/NSAIDs(Ibuprofen) 임상효과 : 두 약물의 병용기간동안 섬망이 보고되었다. 기전 : 정확한 상호작용 기전은 밝혀지지 않았다. 처치 : 두 약물의 병용투여시에는 환자에게 섬망의 증상이나 징후가 나타나는지 주의깊게 관찰해야 한다. 만약 상호작용이 나타난다면, 치료법을 조절해야 한다."
A11A0500A0131,all,Talniflumate,Ibuprofen,"NSAIDs/NSAIDs 임상효과 : 두 약물의 병용투여시 위장관 궤양과 출혈 등 중증의 위장관계 이상반응의 발생 위험이 증가될 수 있으며, 신기능이 감소될 수도 있다. 기전 : 두 약물의 병용투여시 NSAIDs 부작용에 대한 상가 또는 상승 작용이 나타날 수 있다. 처치 : 두 약물은 병용투여하지 않는다. 다만, 국내 병용금기 약물이 아닌 경우 부득이하게 병용투여를 피할 수 없다면, 환자의 임상상태를 주의깊게 모니터링 하여야 하며, 약물의 독성이 나타나면 투여를 중지하는 등 적절한 조치를 취한다."
A11A0500A0131,all,Tenoxicam,Ibuprofen,"NSAIDs/NSAIDs 임상효과 : 두 약물의 병용투여시 위장관 궤양과 출혈 등 중증의 위장관계 이상반응의 발생 위험이 증가될 수 있으며, 신기능이 감소될 수도 있다. 기전 : 두 약물의 병용투여시 NSAIDs 부작용에 대한 상가 또는 상승 작용이 나타날 수 있다. 처치 : 두 약물은 병용투여하지 않는다. 다만, 국내 병용금기 약물이 아닌 경우 부득이하게 병용투여를 피할 수 없다면, 환자의 임상상태를 주의깊게 모니터링 하여야 하며, 약물의 독성이 나타나면 투여를 중지하는 등 적절한 조치를 취한다."
A11A0500A0131,all,Tiaprofenic Acid,Ibuprofen,"NSAIDs/NSAIDs 임상효과 : 두 약물의 병용투여시 위장관 궤양과 출혈 등 중증의 위장관계 이상반응의 발생 위험이 증가될 수 있으며, 신기능이 감소될 수도 있다. 기전 : 두 약물의 병용투여시 NSAIDs 부작용에 대한 상가 또는 상승 작용이 나타날 수 있다. 처치 : 두 약물은 병용투여하지 않는다. 다만, 국내 병용금기 약물이 아닌 경우 부득이하게 병용투여를 피할 수 없다면, 환자의 임상상태를 주의깊게 모니터링 하여야 하며, 약물의 독성이 나타나면 투여를 중지하는 등 적절한 조치를 취한다."
A11A0500A0131,all,Timolol Maleate,Ibuprofen,"Beta-Blockers/NSAIDs 임상효과 : 두 약물의 병용투여시 베타-차단제의 항고혈압 효과가 저해될 수 있다. 기전 : NSAIDs(비스테로이드성 항염증제)가 신장의 프로스타글란딘 합성을 저해하여, 고혈압을 유발하도록 할 수 있다. 처치 : 가능하다면 두 약물은 병용투여하지 않는다. 부득이하게 두 약물을 병용할 때에는 주기적으로 환자의 혈압을 모니터링하고, 필요하다면 베타-차단제의 용량을 조절해야 한다. 술린닥(Sulindac)과 같은 NSAIDs는 이러한 상호작용을 가지지 않으므로 대체 제제로 고려해볼 수 있다."
A11A0500A0131,all,Tobramycin,Ibuprofen,"Aminoglycosides/NSAIDs 임상효과 : 두 약물의 병용투여시 아미노글리코시드계 약물의 혈중농도가 증가할 수 있다. 기전 : NSAIDs(비스테로이드성 항염증제)는 사구체 여과속도를 감소시켜 아미노글리코시드계 약물의 축적을 유발할 수 있다. 처치 : 가능하면 이 두 약물의 병용은 피해야 한다. 부득이하게 두 약물의 병용을 피할 수 없다면, NSAIDs의 투약을 시작하기 전에 아미노글리코시드계 약물의 용량을 감소시켜야 한다. 신기능과 아미노글리코시드계 약물의 혈청 농도를 모니터링 해야 하며, 이에 따라 아미노글리코시드계 약물의 용량을 조절한다."
A11A0500A0131,all,Tobramycin Sulfate,Ibuprofen,"Aminoglycosides/NSAIDs 임상효과 : 두 약물의 병용투여시 아미노글리코시드계 약물의 혈중농도가 증가할 수 있다. 기전 : NSAIDs(비스테로이드성 항염증제)는 사구체 여과속도를 감소시켜 아미노글리코시드계 약물의 축적을 유발할 수 있다. 처치 : 가능하면 이 두 약물의 병용은 피해야 한다. 부득이하게 두 약물의 병용을 피할 수 없다면, NSAIDs의 투약을 시작하기 전에 아미노글리코시드계 약물의 용량을 감소시켜야 한다. 신기능과 아미노글리코시드계 약물의 혈청 농도를 모니터링 해야 하며, 이에 따라 아미노글리코시드계 약물의 용량을 조절한다."
A11A0500A0131,all,Tolfenamic Acid,Ibuprofen,"NSAIDs/NSAIDs 임상효과 : 두 약물의 병용투여시 위장관 궤양과 출혈 등 중증의 위장관계 이상반응의 발생 위험이 증가될 수 있으며, 신기능이 감소될 수도 있다. 기전 : 두 약물의 병용투여시 NSAIDs 부작용에 대한 상가 또는 상승 작용이 나타날 수 있다. 처치 : 두 약물은 병용투여하지 않는다. 다만, 국내 병용금기 약물이 아닌 경우 부득이하게 병용투여를 피할 수 없다면, 환자의 임상상태를 주의깊게 모니터링 하여야 하며, 약물의 독성이 나타나면 투여를 중지하는 등 적절한 조치를 취한다."
A11A0500A0131,all,Tolmetin Sodium Hydrate,Ibuprofen,"NSAIDs/NSAIDs 임상효과 : 두 약물의 병용투여시 위장관 궤양과 출혈 등 중증의 위장관계 이상반응의 발생 위험이 증가될 수 있으며, 신기능이 감소될 수도 있다. 기전 : 두 약물의 병용투여시 NSAIDs 부작용에 대한 상가 또는 상승 작용이 나타날 수 있다. 처치 : 두 약물은 병용투여하지 않는다. 다만, 국내 병용금기 약물이 아닌 경우 부득이하게 병용투여를 피할 수 없다면, 환자의 임상상태를 주의깊게 모니터링 하여야 하며, 약물의 독성이 나타나면 투여를 중지하는 등 적절한 조치를 취한다."
A11A0500A0131,all,Torsemide,Ibuprofen,"Loop Diuretics/NSAIDs 임상효과 : 두 약물의 병용투여시 루프계 이뇨제의 효과가 감소할 수 있다. 기전 : NSAIDs(비스테로이드성 항염증제)는 신장의 혈역학을 유지하는데 관여하는 프로스타글란딘을 억제할 수 있다. 처치 : 두 약물의 병용투여시에는 루프계 이뇨제가 고용량 필요할 수 있다. 만약 이뇨작용이 부적절하다면, 다른 항염증 제제의 사용을 고려해 보아야 한다."
A11A0500A0131,all,Triamterene,Ibuprofen,"Potassium-Sparing Diuretics(Triamterene)/NSAIDs 임상효과 : 두 약물의 병용투여시 크레아티닌의 청소율이 저하되고, 질소혈증 및 급성 신부전 등의 이상반응이 나타날 수 있다. 기전 : NSAIDs(비스테로이드성 항염증제)는 트리암테렌의 신독성을 방지하는 프로스타글란딘 생성을 억제할 것으로 추정된다. 처치 : 두 약물은 병용투여하지 않는다. 다만, 국내 병용금기 약물이 아닌 경우 부득이하게 병용투여를 피할 수 없다면, 환자의 임상상태를 주의깊게 모니터링 하면서 사용한다. 만약 신부전이 발생하였다면, 두 약의 복용을 중단하고 치료해야 한다. 수일내에 회복이 되겠지만 완전한 치료에는 몇 주가 소요될 것이다."
A11A0500A0131,all,Trichlormethiazide,Ibuprofen,Thiazide-Type Diuretics/NSAIDs 임상효과 : 두 약물의 병용투여시 치아짓계 이뇨제의 항고혈압 효과 및 이뇨 효과가 감소될 수 있다. 기전 : 인도메타신(Indomethacin)에 의한 신장의 프로스타글란딘 합성 억제와 소듐/워터(sodium/water) 정체 유도가 치아짓계 이뇨제의 작용을 길항할 수 있다. 처치 : 두 약물의 병용투여시에는 환자의 혈압을 규칙적으로 모니터링 해야 한다. 그에 따라 이뇨제의 용량을 조절한다.
A11A0500A0131,all,Trometamol Tiaprofenate,Ibuprofen,"NSAIDs/NSAIDs 임상효과 : 두 약물의 병용투여시 위장관 궤양과 출혈 등 중증의 위장관계 이상반응의 발생 위험이 증가될 수 있으며, 신기능이 감소될 수도 있다. 기전 : 두 약물의 병용투여시 NSAIDs 부작용에 대한 상가 또는 상승 작용이 나타날 수 있다. 처치 : 두 약물은 병용투여하지 않는다. 다만, 국내 병용금기 약물이 아닌 경우 부득이하게 병용투여를 피할 수 없다면, 환자의 임상상태를 주의깊게 모니터링 하여야 하며, 약물의 독성이 나타나면 투여를 중지하는 등 적절한 조치를 취한다."
A11A0500A0131,all,Warfarin,Ibuprofen,"Anticoagulants(Warfarin)/NSAIDs 임상효과 : 두 약물의 병용투여시 와파린의 항응고 효과가 증가하여 출혈 및 프로트롬빈시간 연장이 나타날 수 있다. 또한 위장관 출혈, 소화성 궤양형성 및 천공 등의 위장관 관련 이상반응의 위험이 증가할 수 있다. 기전 : 두 약물의 병용투여로 인해 혈소판기능의 저해와 위십이지장의 점막상해 위험이 증가된다. 처치 : 두 약물은 서로 병용투여하지 않는다. 부득이하게 두 약물의 병용투여를 피할수 없다면, NSAIDs(비스테로이드성 항염증제)의 복용을 시작 혹은 중단하거나 용량을 조절할때 INR 등의 항응고 기준들을 주의깊게 모니터링 해야한다. 환자에게 출혈의 징후나 증상이 나타나면 기록하여 그의 담당 의료인에게 알리도록 한다. 출혈의 유무와 관계없이 과잉 항응고는 항응고제(와파린)의 중단 또는 비타민 K1의 투여에 의해 조절될 수 있으나, 간혹 전혈의 수혈이 바람직할 수 있다. 비타민 K를 사용할 때는 항응고제 치료를 악화시키므로 비타민 K는 투여시 주의해야 한다. 중증 출혈의 응급상황인 경우에는 전혈이나 신선 동결혈장 또는 제 Ⅸ인자 복합체의 투여로 혈액응고인자를 정상으로 회복시킬 수 있다. 심질환 환자나 고령환자에서의 혈액의 주입은 폐부종을 야기할 수 있으므로 주의한다."
A11A0500A0131,all,Warfarin Potassium,Ibuprofen,"Anticoagulants(Warfarin)/NSAIDs 임상효과 : 두 약물의 병용투여시 와파린의 항응고 효과가 증가하여 출혈 및 프로트롬빈시간 연장이 나타날 수 있다. 또한 위장관 출혈, 소화성 궤양형성 및 천공 등의 위장관 관련 이상반응의 위험이 증가할 수 있다. 기전 : 두 약물의 병용투여로 인해 혈소판기능의 저해와 위십이지장의 점막상해 위험이 증가된다. 처치 : 두 약물은 서로 병용투여하지 않는다. 부득이하게 두 약물의 병용투여를 피할수 없다면, NSAIDs(비스테로이드성 항염증제)의 복용을 시작 혹은 중단하거나 용량을 조절할때 INR 등의 항응고 기준들을 주의깊게 모니터링 해야한다. 환자에게 출혈의 징후나 증상이 나타나면 기록하여 그의 담당 의료인에게 알리도록 한다. 출혈의 유무와 관계없이 과잉 항응고는 항응고제(와파린)의 중단 또는 비타민 K1의 투여에 의해 조절될 수 있으나, 간혹 전혈의 수혈이 바람직할 수 있다. 비타민 K를 사용할 때는 항응고제 치료를 악화시키므로 비타민 K는 투여시 주의해야 한다. 중증 출혈의 응급상황인 경우에는 전혈이나 신선 동결혈장 또는 제 Ⅸ인자 복합체의 투여로 혈액응고인자를 정상으로 회복시킬 수 있다. 심질환 환자나 고령환자에서의 혈액의 주입은 폐부종을 야기할 수 있으므로 주의한다."
A11A0500A0131,all,Warfarin Sodium,Ibuprofen,"Anticoagulants(Warfarin)/NSAIDs 임상효과 : 두 약물의 병용투여시 와파린의 항응고 효과가 증가하여 출혈 및 프로트롬빈시간 연장이 나타날 수 있다. 또한 위장관 출혈, 소화성 궤양형성 및 천공 등의 위장관 관련 이상반응의 위험이 증가할 수 있다. 기전 : 두 약물의 병용투여로 인해 혈소판기능의 저해와 위십이지장의 점막상해 위험이 증가된다. 처치 : 두 약물은 서로 병용투여하지 않는다. 부득이하게 두 약물의 병용투여를 피할수 없다면, NSAIDs(비스테로이드성 항염증제)의 복용을 시작 혹은 중단하거나 용량을 조절할때 INR 등의 항응고 기준들을 주의깊게 모니터링 해야한다. 환자에게 출혈의 징후나 증상이 나타나면 기록하여 그의 담당 의료인에게 알리도록 한다. 출혈의 유무와 관계없이 과잉 항응고는 항응고제(와파린)의 중단 또는 비타민 K1의 투여에 의해 조절될 수 있으나, 간혹 전혈의 수혈이 바람직할 수 있다. 비타민 K를 사용할 때는 항응고제 치료를 악화시키므로 비타민 K는 투여시 주의해야 한다. 중증 출혈의 응급상황인 경우에는 전혈이나 신선 동결혈장 또는 제 Ⅸ인자 복합체의 투여로 혈액응고인자를 정상으로 회복시킬 수 있다. 심질환 환자나 고령환자에서의 혈액의 주입은 폐부종을 야기할 수 있으므로 주의한다."
A11A0500A0131,all,Warfarin Sodium Clathrate,Ibuprofen,"Anticoagulants(Warfarin)/NSAIDs 임상효과 : 두 약물의 병용투여시 와파린의 항응고 효과가 증가하여 출혈 및 프로트롬빈시간 연장이 나타날 수 있다. 또한 위장관 출혈, 소화성 궤양형성 및 천공 등의 위장관 관련 이상반응의 위험이 증가할 수 있다. 기전 : 두 약물의 병용투여로 인해 혈소판기능의 저해와 위십이지장의 점막상해 위험이 증가된다. 처치 : 두 약물은 서로 병용투여하지 않는다. 부득이하게 두 약물의 병용투여를 피할수 없다면, NSAIDs(비스테로이드성 항염증제)의 복용을 시작 혹은 중단하거나 용량을 조절할때 INR 등의 항응고 기준들을 주의깊게 모니터링 해야한다. 환자에게 출혈의 징후나 증상이 나타나면 기록하여 그의 담당 의료인에게 알리도록 한다. 출혈의 유무와 관계없이 과잉 항응고는 항응고제(와파린)의 중단 또는 비타민 K1의 투여에 의해 조절될 수 있으나, 간혹 전혈의 수혈이 바람직할 수 있다. 비타민 K를 사용할 때는 항응고제 치료를 악화시키므로 비타민 K는 투여시 주의해야 한다. 중증 출혈의 응급상황인 경우에는 전혈이나 신선 동결혈장 또는 제 Ⅸ인자 복합체의 투여로 혈액응고인자를 정상으로 회복시킬 수 있다. 심질환 환자나 고령환자에서의 혈액의 주입은 폐부종을 야기할 수 있으므로 주의한다."
A11A0500A0131,all,Zaltoprofen,Ibuprofen,"NSAIDs/NSAIDs 임상효과 : 두 약물의 병용투여시 위장관 궤양과 출혈 등 중증의 위장관계 이상반응의 발생 위험이 증가될 수 있으며, 신기능이 감소될 수도 있다. 기전 : 두 약물의 병용투여시 NSAIDs 부작용에 대한 상가 또는 상승 작용이 나타날 수 있다. 처치 : 두 약물은 병용투여하지 않는다. 다만, 국내 병용금기 약물이 아닌 경우 부득이하게 병용투여를 피할 수 없다면, 환자의 임상상태를 주의깊게 모니터링 하여야 하며, 약물의 독성이 나타나면 투여를 중지하는 등 적절한 조치를 취한다. (재)약학정보원은 정확하고 독립적인 의약품 정보를 제공하기 위해 노력합니다. 본 사이트의 정보는 식품의약품안전처 허가사항과 학술 자료를 기반으로 하나, 의학적 진단·처방을 대체할 수 없으며, 사용 전 반드시 의사, 약사 등 전문가와 상담하시기 바랍니다. 또한 편집 과정에서의 오류·누락, 허가사항 변경, 최신 연구 결과 반영 지연 등이 있을 수 있으며, 이로 인하여 발생하는 문제에 대해 (재)약학정보원은 법적 책임을 지지 않습니다. 본 사이트의 모든 콘텐츠에 대한 저작권은 (재)약학정보원에 있으며, 무단 복제·배포·전송·변형·게시행위를 금합니다. 회사소개 인재채용 서비스 이용약관 이메일주소 무단수집거부 개인정보 처리방침 법적 책임의 한계 이메일 문의 광고 / 제휴 문의 포장이미지 등록 서울특별시 서초구 효령로 194 대한약사회관 B1 (재)약학정보원 고객지원 1670-5877 TEL 02-3471-7575 FAX 02-3472-9114 대표자 권영희 사업자번호 214-82-06424 ©Copyright All Rights Reserved @ Korea Pharmaceutical Information Center Since 2000"
